presentation,slide,kind,family,script,role,source,weight,italic,sizesPt,characters,runCount,shapeIds
001-vk-education.pptx,1,hint,Play,latin,body,master,400,False,[20.0],0,0,"[""slide:263401482""]"
001-vk-education.pptx,1,hint,Play,latin,title,master,400,False,[60.0],0,0,"[""slide:728780255""]"
001-vk-education.pptx,2,hint,Play,latin,body,master,400,False,[20.0],0,0,"[""slide:1383261619""]"
001-vk-education.pptx,2,hint,Play,latin,title,master,400,False,[60.0],0,0,"[""slide:2000618726""]"
001-vk-education.pptx,3,used,Play,latin,body,master,400,False,[20.0],37,1,"[""slide:1977391921""]"
001-vk-education.pptx,3,used,Play,latin,body,slide,700,False,[20.0],11,1,"[""slide:1977391921""]"
001-vk-education.pptx,3,used,Play,latin,title,master,400,False,[48.0],46,2,"[""slide:1732031498""]"
001-vk-education.pptx,4,hint,Play,latin,body,layout,400,False,[20.0],0,0,"[""slide:988291761""]"
001-vk-education.pptx,4,hint,Play,latin,title,master,400,False,[60.0],0,0,"[""slide:1145942470""]"
001-vk-education.pptx,5,hint,Play,latin,body,master,400,False,[20.0],0,0,"[""slide:647449269""]"
001-vk-education.pptx,5,hint,Play,latin,title,master,400,False,[60.0],0,0,"[""slide:1954800588""]"
001-vk-education.pptx,6,hint,Arial,latin,other,master,400,False,[14.0],0,0,"[""slide:1111927116""]"
001-vk-education.pptx,6,hint,Play,latin,body,layout,400,False,[20.0],0,0,"[""slide:1355532474""]"
001-vk-education.pptx,6,hint,Play,latin,title,master,400,False,[48.0],0,0,"[""slide:1062869144""]"
001-vk-education.pptx,7,used,Play,latin,other,slide,400,False,"[14.0, 18.0]",451,16,"[""slide:1066594477"", ""slide:1785309379"", ""slide:2017547947"", ""slide:610860564""]"
001-vk-education.pptx,7,used,Play,latin,title,master,400,False,[36.0],36,1,"[""slide:82664934""]"
001-vk-education.pptx,8,used,Play,latin,other,slide,400,False,"[12.0, 16.0]",654,21,"[""slide:1022284197"", ""slide:1214496729"", ""slide:1430274016"", ""slide:2107466371"", ""slide:564730378"", ""slide:820638032""]"
001-vk-education.pptx,8,used,Play,latin,title,master,400,False,[36.0],36,1,"[""slide:1652372434""]"
001-vk-education.pptx,9,used,Play,latin,other,slide,400,False,[14.0],64,2,"[""slide:2138368770""]"
001-vk-education.pptx,9,used,Play,latin,title,master,400,False,[48.0],25,1,"[""slide:264023415""]"
001-vk-education.pptx,9,hint,Arial,latin,other,slide,400,False,[18.0],0,0,"[""slide:296"", ""slide:297"", ""slide:298"", ""slide:299"", ""slide:300""]"
001-vk-education.pptx,10,used,Play,latin,other,slide,400,False,[14.0],64,2,"[""slide:1321675235""]"
001-vk-education.pptx,10,hint,Arial,latin,other,slide,400,False,[18.0],0,0,"[""slide:308"", ""slide:309"", ""slide:310"", ""slide:311"", ""slide:312""]"
001-vk-education.pptx,10,hint,Play,latin,title,master,400,False,[48.0],0,0,"[""slide:170145448""]"
001-vk-education.pptx,11,used,Play,latin,other,slide,400,False,[14.0],64,2,"[""slide:1200241409""]"
001-vk-education.pptx,11,used,Play,latin,title,master,400,False,[48.0],25,1,"[""slide:2062047817""]"
001-vk-education.pptx,11,hint,Arial,latin,other,slide,400,False,[18.0],0,0,"[""slide:319"", ""slide:320"", ""slide:321"", ""slide:322"", ""slide:323""]"
001-vk-education.pptx,12,used,Play,latin,other,slide,400,False,[14.0],64,2,"[""slide:1204583273""]"
001-vk-education.pptx,12,hint,Arial,latin,other,slide,400,False,[18.0],0,0,"[""slide:332"", ""slide:333"", ""slide:334"", ""slide:335"", ""slide:336""]"
001-vk-education.pptx,12,hint,Play,latin,title,master,400,False,[48.0],0,0,"[""slide:1666693084""]"
001-vk-education.pptx,13,used,Arial,latin,other,slide,400,False,[16.0],91,10,"[""slide:1294586712"", ""slide:1317702620"", ""slide:1780289963"", ""slide:1921606425"", ""slide:2126070630"", ""slide:433908629"", ""slide:952177559""]"
001-vk-education.pptx,13,used,Play,latin,other,slide,400,False,"[17.0, 20.0, 44.0]",99,4,"[""slide:1042623564"", ""slide:2052076522""]"
001-vk-education.pptx,13,used,Play,latin,title,master,400,False,[36.0],15,1,"[""slide:1269954097""]"
001-vk-education.pptx,13,hint,Play,latin,other,slide,400,False,[20.0],0,0,"[""slide:1249611441""]"
001-vk-education.pptx,14,used,Arial,latin,other,slide,400,False,[16.0],91,10,"[""slide:109122181"", ""slide:1191175210"", ""slide:1733531860"", ""slide:1955016725"", ""slide:1988692986"", ""slide:414729245"", ""slide:417105242""]"
001-vk-education.pptx,14,used,Play,latin,other,slide,400,False,"[17.0, 20.0, 44.0]",99,4,"[""slide:582815040"", ""slide:589397048""]"
001-vk-education.pptx,14,used,Play,latin,title,master,400,False,[36.0],15,1,"[""slide:1621396973""]"
001-vk-education.pptx,14,hint,Play,latin,other,slide,400,False,[20.0],0,0,"[""slide:2060847250""]"
001-vk-education.pptx,15,used,Consolas,latin,other,slide,400,False,[16.0],262,42,"[""slide:1041419850""]"
001-vk-education.pptx,15,used,Play,latin,title,master,400,False,[36.0],15,2,"[""slide:447233225""]"
001-vk-education.pptx,15,hint,Arial,latin,other,slide,400,False,[18.0],0,0,"[""slide:1041899874""]"
001-vk-education.pptx,15,hint,Play,latin,body,layout,400,False,[16.0],0,0,"[""slide:1425170995""]"
001-vk-education.pptx,16,used,Play,latin,title,master,400,False,[48.0],25,1,"[""slide:1484520275""]"
001-vk-education.pptx,16,hint,Arial,latin,other,slide,400,False,[18.0],0,0,"[""slide:1408737293"", ""slide:1758631332"", ""slide:1875106070"", ""slide:1924633512"", ""slide:419"", ""slide:420"", ""slide:421"", ""slide:422"", ""slide:423"", ""slide:952984081""]"
001-vk-education.pptx,17,used,Arial,latin,other,slide,400,False,[18.0],180,4,"[""slide:73621221"", ""slide:763252705"", ""slide:845607"", ""slide:959325378""]"
001-vk-education.pptx,17,used,Play,latin,title,master,400,False,[36.0],31,2,"[""slide:1512277472""]"
001-vk-education.pptx,17,hint,Arial,latin,other,slide,400,False,[18.0],0,0,"[""slide:1224549728"", ""slide:1332991014"", ""slide:1613068450"", ""slide:1971620226"", ""slide:395314326"", ""slide:728653855""]"
001-vk-education.pptx,18,used,Play,latin,body,layout,700,False,"[66.0, 88.0]",6,4,"[""slide:1943662376"", ""slide:373476180""]"
001-vk-education.pptx,18,used,Play,latin,body,master,400,False,[16.0],54,2,"[""slide:109010845"", ""slide:1796293275""]"
001-vk-education.pptx,18,used,Play,latin,other,slide,400,False,[24.0],33,1,"[""slide:794465025""]"
001-vk-education.pptx,18,used,Play,latin,other,slide,700,False,"[138.0, 239.0]",3,2,"[""slide:1212731247""]"
001-vk-education.pptx,18,used,Play,latin,title,master,400,False,[36.0],33,1,"[""slide:1528050608""]"
001-vk-education.pptx,18,hint,Arial,latin,other,slide,400,False,"[16.0, 18.0]",0,0,"[""slide:1120241479"", ""slide:454544086""]"
001-vk-education.pptx,19,used,Play,latin,body,layout,400,False,"[20.0, 24.0, 40.0]",374,5,"[""slide:264870712"", ""slide:48007241""]"
001-vk-education.pptx,19,used,Play,latin,other,layout,700,False,[288.0],1,1,"[""layout:111804283""]"
001-vk-education.pptx,19,hint,Play,latin,body,layout,400,False,[8.0],0,0,"[""slide:264870712""]"
001-vk-education.pptx,20,used,Arial,latin,other,slide,400,False,[14.0],72,8,"[""slide:1002754651"", ""slide:1227532195"", ""slide:1941234602"", ""slide:2092804534"", ""slide:296739533"", ""slide:496631093"", ""slide:954651731"", ""slide:964338273""]"
001-vk-education.pptx,20,used,Play,latin,other,slide,400,False,[20.0],88,8,"[""slide:1297978949"", ""slide:1416342266"", ""slide:1757176707"", ""slide:191615465"", ""slide:268492304"", ""slide:371996080"", ""slide:418518595"", ""slide:551047250""]"
001-vk-education.pptx,21,used,Play,latin,other,slide,400,False,"[12.0, 32.0]",252,12,"[""slide:492"", ""slide:493"", ""slide:494"", ""slide:495"", ""slide:496"", ""slide:497"", ""slide:498"", ""slide:499""]"
001-vk-education.pptx,21,used,Play,latin,title,master,400,False,[36.0],33,1,"[""slide:2057182288""]"
001-vk-education.pptx,22,used,Play,latin,other,slide,400,False,"[12.0, 32.0]",313,15,"[""slide:506"", ""slide:507"", ""slide:508"", ""slide:509"", ""slide:510"", ""slide:511"", ""slide:512"", ""slide:513"", ""slide:514"", ""slide:515""]"
001-vk-education.pptx,22,used,Play,latin,title,master,400,False,[36.0],33,1,"[""slide:711375784""]"
001-vk-education.pptx,23,used,Play,latin,other,slide,400,False,"[12.0, 32.0]",501,24,"[""slide:1006984410"", ""slide:1153563718"", ""slide:1241312957"", ""slide:1245273562"", ""slide:1481615037"", ""slide:1531976803"", ""slide:15684365"", ""slide:1686722245"", ""slide:1687597744"", ""slide:1733962382"", ""slide:1843034931"", ""slide:1951407156"", ""slide:2068059173"", ""slide:2075075516"", ""slide:281538829"", ""slide:883291723""]"
001-vk-education.pptx,23,used,Play,latin,title,master,400,False,[36.0],33,1,"[""slide:1889325227""]"
001-vk-education.pptx,24,used,Play,latin,body,layout,400,False,[16.0],590,20,"[""slide:1828960761"", ""slide:697292090""]"
001-vk-education.pptx,24,used,Play,latin,title,master,400,False,[36.0],50,2,"[""slide:807995467""]"
001-vk-education.pptx,24,hint,Play,latin,body,layout,400,False,[16.0],0,0,"[""slide:1828960761""]"
001-vk-education.pptx,24,hint,Play,latin,body,layout,700,False,[16.0],0,0,"[""slide:697292090""]"
001-vk-education.pptx,25,used,Play,latin,other,slide,400,False,[16.0],66,1,"[""slide:774346335""]"
001-vk-education.pptx,25,used,Play,latin,title,master,400,False,[36.0],20,1,"[""slide:1393146149""]"
001-vk-education.pptx,26,used,Play,latin,other,slide,400,False,[16.0],227,11,"[""slide:1364733422"", ""slide:1548848065"", ""slide:264015974"", ""slide:620837984""]"
001-vk-education.pptx,26,used,Play,latin,title,master,400,False,[36.0],33,1,"[""slide:731689562""]"
001-vk-education.pptx,26,hint,Arial,latin,other,slide,400,False,[16.0],0,0,"[""slide:1570792006""]"
001-vk-education.pptx,26,hint,Play,latin,other,slide,400,False,"[16.0, 32.0]",0,0,"[""slide:324763211"", ""slide:620837984""]"
001-vk-education.pptx,27,used,Play,latin,other,slide,400,False,[16.0],227,11,"[""slide:1264916029"", ""slide:1306040654"", ""slide:2124327829"", ""slide:857814208""]"
001-vk-education.pptx,27,used,Play,latin,title,master,400,False,[36.0],33,1,"[""slide:1487581228""]"
001-vk-education.pptx,27,hint,Arial,latin,other,slide,400,False,[16.0],0,0,"[""slide:1310003194""]"
001-vk-education.pptx,27,hint,Play,latin,other,slide,400,False,[16.0],0,0,"[""slide:857814208""]"
001-vk-education.pptx,28,used,Play,latin,other,slide,400,False,[16.0],227,11,"[""slide:1917410400"", ""slide:69348091"", ""slide:77552891"", ""slide:94865188""]"
001-vk-education.pptx,28,used,Play,latin,title,master,400,False,[36.0],33,1,"[""slide:1179855899""]"
001-vk-education.pptx,28,hint,Arial,latin,other,slide,400,False,[16.0],0,0,"[""slide:682756018""]"
001-vk-education.pptx,28,hint,Play,latin,other,slide,400,False,[16.0],0,0,"[""slide:1917410400""]"
001-vk-education.pptx,29,used,Play,latin,other,slide,400,False,[48.0],25,1,"[""slide:2056391656""]"
001-vk-education.pptx,29,hint,Arial,latin,other,slide,400,False,[18.0],0,0,"[""slide:1612491743"", ""slide:810"", ""slide:811"", ""slide:812"", ""slide:813"", ""slide:814""]"
001-vk-education.pptx,30,used,Play,latin,body,master,400,False,[16.0],249,5,"[""slide:260122340""]"
001-vk-education.pptx,30,used,Play,latin,title,master,400,False,[36.0],21,1,"[""slide:19219471""]"
001-vk-education.pptx,31,used,Play,latin,title,master,400,False,[36.0],21,1,"[""slide:134040909""]"
001-vk-education.pptx,32,used,Play,latin,title,master,400,False,[36.0],21,1,"[""slide:1628571403""]"
001-vk-education.pptx,33,used,Play,latin,body,layout,400,False,[16.0],322,5,"[""slide:1377790277""]"
001-vk-education.pptx,33,used,Play,latin,title,master,400,False,[36.0],20,2,"[""slide:847306049""]"
001-vk-education.pptx,33,hint,Arial,latin,other,slide,400,False,[18.0],0,0,"[""slide:846"", ""slide:847"", ""slide:848"", ""slide:849"", ""slide:850""]"
001-vk-education.pptx,34,used,Play,latin,body,slide,400,False,[14.0],543,2,"[""slide:1341410919""]"
001-vk-education.pptx,34,used,Play,latin,title,master,400,False,[36.0],37,1,"[""slide:532797050""]"
001-vk-education.pptx,35,hint,Play,latin,body,layout,400,False,[16.0],0,0,"[""slide:1757475225""]"
001-vk-education.pptx,35,hint,Play,latin,title,master,400,False,[36.0],0,0,"[""slide:1563114917""]"
001-vk-education.pptx,36,hint,Play,latin,body,layout,400,False,[16.0],0,0,"[""slide:12246948""]"
001-vk-education.pptx,36,hint,Play,latin,title,master,400,False,[36.0],0,0,"[""slide:42424578""]"
001-vk-education.pptx,37,used,Play,latin,other,slide,400,False,[48.0],25,1,"[""slide:1698124886""]"
001-vk-education.pptx,37,hint,Arial,latin,other,slide,400,False,[18.0],0,0,"[""slide:695097474"", ""slide:878"", ""slide:879"", ""slide:880"", ""slide:881"", ""slide:882""]"
001-vk-education.pptx,38,used,Arial,latin,table,master,400,False,[16.0],54,10,"[""slide:1350888728""]"
001-vk-education.pptx,38,used,Arial,latin,table,slide,400,False,[16.0],24,4,"[""slide:1350888728""]"
001-vk-education.pptx,38,used,Play,latin,body,master,400,False,[16.0],434,4,"[""slide:559813270""]"
001-vk-education.pptx,38,used,Play,latin,table,slide,400,False,[20.0],10,3,"[""slide:1350888728""]"
001-vk-education.pptx,38,used,Play,latin,title,master,400,False,[36.0],17,1,"[""slide:342204991""]"
001-vk-education.pptx,38,hint,Arial,latin,table,master,400,False,[16.0],0,0,"[""slide:1350888728""]"
001-vk-education.pptx,39,used,Arial,latin,table,slide,400,False,[14.0],385,84,"[""slide:1179475383""]"
001-vk-education.pptx,39,used,Play,latin,title,master,400,False,[36.0],34,1,"[""slide:823160189""]"
001-vk-education.pptx,40,used,Arial,latin,table,slide,400,False,[9.0],1521,45,"[""slide:252789831""]"
001-vk-education.pptx,40,used,Play,latin,table,slide,400,False,"[9.0, 10.5]",126,9,"[""slide:252789831""]"
001-vk-education.pptx,40,used,Play,latin,title,master,400,False,[36.0],34,1,"[""slide:1920103792""]"
001-vk-education.pptx,40,hint,Arial,latin,table,master,400,False,[14.0],0,0,"[""slide:252789831""]"
001-vk-education.pptx,41,used,Play,latin,other,slide,400,False,[48.0],25,1,"[""slide:2016592695""]"
001-vk-education.pptx,41,hint,Arial,latin,other,slide,400,False,[18.0],0,0,"[""slide:2111646502"", ""slide:909"", ""slide:910"", ""slide:911"", ""slide:912"", ""slide:913""]"
001-vk-education.pptx,42,used,Arial,latin,other,slide,400,False,[16.0],210,14,"[""slide:1019887418"", ""slide:1224903765"", ""slide:1231198750"", ""slide:1282864771"", ""slide:1501043899"", ""slide:322260616"", ""slide:935471220""]"
001-vk-education.pptx,42,used,Play,latin,other,slide,400,False,[32.0],28,7,"[""slide:1278649501"", ""slide:1759800437"", ""slide:192580343"", ""slide:621249756"", ""slide:756077699"", ""slide:760350506"", ""slide:872923834""]"
001-vk-education.pptx,42,used,Play,latin,title,master,400,False,[36.0],21,1,"[""slide:661060227""]"
001-vk-education.pptx,42,hint,Arial,latin,other,slide,400,False,[25.0],0,0,"[""slide:1080511106"", ""slide:1478912631"", ""slide:1738856160"", ""slide:1938895620"", ""slide:325246604"", ""slide:543503136"", ""slide:95811881""]"
001-vk-education.pptx,43,used,Arial,latin,other,slide,400,False,[14.0],45,5,"[""slide:977"", ""slide:978"", ""slide:979"", ""slide:980"", ""slide:981""]"
001-vk-education.pptx,43,used,Play,latin,other,slide,400,False,[16.0],26,8,"[""slide:957"", ""slide:958"", ""slide:959"", ""slide:960"", ""slide:961"", ""slide:962"", ""slide:963"", ""slide:964""]"
001-vk-education.pptx,43,used,Play,latin,title,master,400,False,[36.0],15,1,"[""slide:1915940786""]"
001-vk-education.pptx,43,hint,Arial,latin,other,slide,400,False,"[18.0, 25.0]",0,0,"[""slide:949"", ""slide:950"", ""slide:951"", ""slide:952"", ""slide:953"", ""slide:954"", ""slide:955"", ""slide:956"", ""slide:971"", ""slide:972"", ""slide:973"", ""slide:974"", ""slide:975"", ""slide:976""]"
001-vk-education.pptx,44,used,Arial,latin,other,slide,400,False,[16.0],147,4,"[""slide:1389428523"", ""slide:1884867107"", ""slide:205855091"", ""slide:539866015""]"
001-vk-education.pptx,44,used,Play,latin,other,slide,400,False,[36.0],4,4,"[""slide:1103769526"", ""slide:1399623290"", ""slide:1520524887"", ""slide:289411018""]"
001-vk-education.pptx,44,used,Play,latin,title,master,400,False,[36.0],9,1,"[""slide:2040497760""]"
001-vk-education.pptx,45,used,Play,latin,other,slide,400,False,[20.0],51,2,"[""slide:822123697"", ""slide:956971225""]"
001-vk-education.pptx,45,used,Play,latin,title,master,400,False,[36.0],16,1,"[""slide:1996938918""]"
001-vk-education.pptx,46,used,Arial,latin,other,slide,400,False,[18.0],36,4,"[""slide:47805530"", ""slide:60082036"", ""slide:662614114"", ""slide:963813775""]"
001-vk-education.pptx,46,used,Play,latin,other,slide,400,False,"[20.0, 28.0, 44.0, 60.0, 88.0]",24,11,"[""slide:1249768042"", ""slide:1283614214"", ""slide:1549626260"", ""slide:1567945982"", ""slide:621555909""]"
001-vk-education.pptx,46,used,Play,latin,title,master,400,False,[36.0],16,1,"[""slide:1498136064""]"
001-vk-education.pptx,47,used,Play,latin,title,master,400,False,[36.0],35,1,"[""slide:1240688203""]"
001-vk-education.pptx,48,used,Arial,latin,other,slide,400,False,[16.0],6,2,"[""slide:1040"", ""slide:1043""]"
001-vk-education.pptx,48,used,Play,latin,title,master,400,False,[36.0],25,1,"[""slide:773286745""]"
001-vk-education.pptx,48,hint,Arial,latin,other,slide,400,False,[18.0],0,0,"[""slide:1039"", ""slide:1042""]"
001-vk-education.pptx,49,used,Play,latin,title,master,400,False,[36.0],25,1,"[""slide:1101391197""]"
001-vk-education.pptx,50,used,Play,latin,title,master,400,False,[36.0],25,1,"[""slide:492185544""]"
001-vk-education.pptx,51,used,Arial,latin,other,slide,400,False,[14.0],6,2,"[""slide:1065"", ""slide:1068""]"
001-vk-education.pptx,51,used,Play,latin,other,slide,400,False,[14.0],360,8,"[""slide:889967011""]"
001-vk-education.pptx,51,used,Play,latin,title,master,400,False,[36.0],19,1,"[""slide:361946799""]"
001-vk-education.pptx,51,hint,Arial,latin,other,slide,400,False,[16.0],0,0,"[""slide:1064"", ""slide:1067""]"
001-vk-education.pptx,52,used,Play,latin,body,layout,400,False,[16.0],38,1,"[""slide:1531787793""]"
001-vk-education.pptx,52,used,Play,latin,title,master,400,False,[60.0],20,2,"[""slide:458692860""]"
001-vk-education.pptx,53,hint,Arial,latin,other,master,400,False,[14.0],0,0,"[""slide:1929942635""]"
001-vk-education.pptx,53,hint,Play,latin,body,layout,400,False,[16.0],0,0,"[""slide:248956516""]"
001-vk-education.pptx,53,hint,Play,latin,title,master,400,False,[60.0],0,0,"[""slide:624482173""]"
001-vk-education.pptx,54,hint,Arial,latin,other,master,400,False,[14.0],0,0,"[""slide:1097843876""]"
001-vk-education.pptx,54,hint,Play,latin,body,layout,400,False,[16.0],0,0,"[""slide:507288145""]"
001-vk-education.pptx,54,hint,Play,latin,title,master,400,False,[60.0],0,0,"[""slide:236251342""]"
001-vk-education.pptx,55,hint,Arial,latin,other,master,400,False,[14.0],0,0,"[""slide:875488483""]"
001-vk-education.pptx,55,hint,Play,latin,body,layout,400,False,[16.0],0,0,"[""slide:1530744603""]"
001-vk-education.pptx,55,hint,Play,latin,title,master,400,False,[60.0],0,0,"[""slide:1168092582""]"
002-vk-workspace-conference.pptx,1,used,Play,latin,other,slide,400,False,[16.0],21,2,"[""slide:383""]"
002-vk-workspace-conference.pptx,1,used,Play,latin,title,layout,400,False,[48.0],19,2,"[""slide:381""]"
002-vk-workspace-conference.pptx,1,hint,Arial,latin,other,master,400,False,[14.0],0,0,"[""slide:382""]"
002-vk-workspace-conference.pptx,2,used,Play,latin,other,slide,400,False,[20.0],80,5,"[""slide:394"", ""slide:395"", ""slide:396"", ""slide:397"", ""slide:398""]"
002-vk-workspace-conference.pptx,2,used,Play,latin,other,slide,700,False,[40.0],10,5,"[""slide:389"", ""slide:390"", ""slide:391"", ""slide:392"", ""slide:393""]"
002-vk-workspace-conference.pptx,2,used,Play,latin,title,layout,400,False,[36.0],10,1,"[""slide:388""]"
002-vk-workspace-conference.pptx,3,used,Play,latin,other,slide,400,False,"[14.0, 16.0]",17,3,"[""slide:405"", ""slide:406"", ""slide:414""]"
002-vk-workspace-conference.pptx,3,used,Play,latin,other,slide,700,False,[18.0],4,1,"[""slide:417""]"
002-vk-workspace-conference.pptx,3,used,Play,latin,title,layout,400,False,[36.0],9,1,"[""slide:404""]"
002-vk-workspace-conference.pptx,3,hint,Arial,latin,other,master,400,False,[14.0],0,0,"[""slide:408"", ""slide:411"", ""slide:413"", ""slide:415""]"
002-vk-workspace-conference.pptx,4,used,Play,latin,other,slide,400,False,"[18.0, 24.0]",29,5,"[""slide:424"", ""slide:427"", ""slide:430"", ""slide:433"", ""slide:436""]"
002-vk-workspace-conference.pptx,4,used,Play,latin,title,layout,400,False,[36.0],4,1,"[""slide:423""]"
002-vk-workspace-conference.pptx,4,hint,Arial,latin,other,master,400,False,[14.0],0,0,"[""slide:425"", ""slide:428"", ""slide:431"", ""slide:434""]"
002-vk-workspace-conference.pptx,5,used,Play,latin,other,slide,400,False,"[14.0, 18.0]",42,6,"[""slide:442"", ""slide:446"", ""slide:450""]"
002-vk-workspace-conference.pptx,5,used,Play,latin,title,layout,400,False,[36.0],9,1,"[""slide:441""]"
002-vk-workspace-conference.pptx,5,hint,Arial,latin,other,master,400,False,[14.0],0,0,"[""slide:444"", ""slide:448"", ""slide:452""]"
002-vk-workspace-conference.pptx,6,used,Play,latin,other,slide,400,False,"[14.0, 20.0]",42,6,"[""slide:460"", ""slide:461"", ""slide:462"", ""slide:463"", ""slide:465"", ""slide:467""]"
002-vk-workspace-conference.pptx,6,used,Play,latin,title,layout,400,False,[36.0],9,1,"[""slide:459""]"
002-vk-workspace-conference.pptx,7,used,Play,latin,other,slide,400,False,"[14.0, 18.0]",84,12,"[""slide:475"", ""slide:476"", ""slide:477"", ""slide:478"", ""slide:479"", ""slide:480""]"
002-vk-workspace-conference.pptx,7,used,Play,latin,title,layout,400,False,[36.0],9,1,"[""slide:474""]"
002-vk-workspace-conference.pptx,8,used,Play,latin,other,slide,400,False,"[16.0, 20.0]",150,18,"[""slide:487"", ""slide:488"", ""slide:489"", ""slide:490"", ""slide:491"", ""slide:492"", ""slide:493"", ""slide:494"", ""slide:495"", ""slide:496"", ""slide:497"", ""slide:498"", ""slide:499"", ""slide:500"", ""slide:501"", ""slide:502"", ""slide:503"", ""slide:504""]"
002-vk-workspace-conference.pptx,8,used,Play,latin,title,layout,400,False,[36.0],9,1,"[""slide:486""]"
002-vk-workspace-conference.pptx,9,used,Play,latin,other,slide,400,False,"[12.0, 16.0]",112,16,"[""slide:511"", ""slide:512"", ""slide:513"", ""slide:514"", ""slide:515"", ""slide:516"", ""slide:517"", ""slide:518""]"
002-vk-workspace-conference.pptx,9,used,Play,latin,title,layout,400,False,[36.0],9,1,"[""slide:510""]"
002-vk-workspace-conference.pptx,10,used,Play,latin,other,slide,400,False,"[14.0, 18.0]",42,6,"[""slide:548"", ""slide:552"", ""slide:556""]"
002-vk-workspace-conference.pptx,10,used,Play,latin,title,layout,400,False,[36.0],9,1,"[""slide:547""]"
002-vk-workspace-conference.pptx,10,hint,Arial,latin,other,master,400,False,[14.0],0,0,"[""slide:550"", ""slide:554"", ""slide:558""]"
002-vk-workspace-conference.pptx,11,used,Play,latin,other,slide,400,False,"[13.0, 14.0, 20.0]",99,18,"[""slide:566"", ""slide:568"", ""slide:570"", ""slide:573"", ""slide:576"", ""slide:579"", ""slide:580"", ""slide:582"", ""slide:584"", ""slide:587"", ""slide:590"", ""slide:593"", ""slide:594"", ""slide:596"", ""slide:598"", ""slide:601"", ""slide:604"", ""slide:607""]"
002-vk-workspace-conference.pptx,11,used,Play,latin,title,layout,400,False,[36.0],9,1,"[""slide:565""]"
002-vk-workspace-conference.pptx,11,hint,Arial,latin,other,master,400,False,[14.0],0,0,"[""slide:567"", ""slide:571"", ""slide:574"", ""slide:577"", ""slide:581"", ""slide:585"", ""slide:588"", ""slide:591"", ""slide:595"", ""slide:599"", ""slide:602"", ""slide:605""]"
002-vk-workspace-conference.pptx,12,used,Play,latin,other,slide,400,False,"[12.0, 20.0]",78,14,"[""slide:614"", ""slide:615"", ""slide:616"", ""slide:622"", ""slide:623"", ""slide:624"", ""slide:625"", ""slide:626"", ""slide:627"", ""slide:628"", ""slide:629"", ""slide:630"", ""slide:631"", ""slide:632""]"
002-vk-workspace-conference.pptx,12,used,Play,latin,title,layout,400,False,[36.0],9,1,"[""slide:613""]"
002-vk-workspace-conference.pptx,12,hint,Arial,latin,other,master,400,False,[14.0],0,0,"[""slide:618"", ""slide:634"", ""slide:637"", ""slide:640""]"
002-vk-workspace-conference.pptx,13,used,Play,latin,other,slide,400,False,"[12.0, 14.0, 18.0]",48,9,"[""slide:648"", ""slide:649"", ""slide:650"", ""slide:654"", ""slide:655"", ""slide:656"", ""slide:657"", ""slide:658"", ""slide:662""]"
002-vk-workspace-conference.pptx,13,used,Play,latin,title,layout,400,False,[36.0],9,1,"[""slide:647""]"
002-vk-workspace-conference.pptx,13,hint,Arial,latin,other,master,400,False,[14.0],0,0,"[""slide:652"", ""slide:660"", ""slide:664""]"
002-vk-workspace-conference.pptx,14,used,Play,latin,table,slide,400,False,[11.0],100,20,"[""slide:673""]"
002-vk-workspace-conference.pptx,14,used,Play,latin,table,slide,700,False,[14.0],18,2,"[""slide:673""]"
002-vk-workspace-conference.pptx,14,used,Play,latin,title,layout,400,False,[36.0],9,1,"[""slide:672""]"
002-vk-workspace-conference.pptx,15,used,Play,latin,other,slide,400,False,"[14.0, 18.0]",57,8,"[""slide:681"", ""slide:682"", ""slide:683"", ""slide:684"", ""slide:685""]"
002-vk-workspace-conference.pptx,15,used,Play,latin,title,layout,400,False,[36.0],9,1,"[""slide:680""]"
002-vk-workspace-conference.pptx,15,hint,Arial,latin,other,master,400,False,[14.0],0,0,"[""slide:679""]"
002-vk-workspace-conference.pptx,16,used,Play,latin,other,slide,400,False,"[12.0, 16.0, 20.0]",86,13,"[""slide:693"", ""slide:694"", ""slide:697"", ""slide:698"", ""slide:700"", ""slide:701"", ""slide:702""]"
002-vk-workspace-conference.pptx,16,used,Play,latin,title,layout,400,False,[36.0],9,1,"[""slide:703""]"
002-vk-workspace-conference.pptx,16,hint,Arial,latin,other,master,400,False,[14.0],0,0,"[""slide:691"", ""slide:692"", ""slide:695"", ""slide:696"", ""slide:699""]"
002-vk-workspace-conference.pptx,17,used,Play,latin,other,slide,400,False,[16.0],48,3,"[""slide:710"", ""slide:711"", ""slide:712""]"
002-vk-workspace-conference.pptx,17,used,Play,latin,other,slide,700,False,[80.0],8,2,"[""slide:710"", ""slide:711""]"
002-vk-workspace-conference.pptx,17,used,Play,latin,title,layout,400,False,[36.0],9,1,"[""slide:709""]"
002-vk-workspace-conference.pptx,18,used,Play,latin,other,slide,400,False,"[18.0, 24.0]",32,4,"[""slide:719"", ""slide:720""]"
002-vk-workspace-conference.pptx,18,used,Play,latin,other,slide,700,False,[54.0],3,1,"[""slide:720""]"
002-vk-workspace-conference.pptx,18,used,Play,latin,title,layout,400,False,[36.0],9,1,"[""slide:718""]"
002-vk-workspace-conference.pptx,19,used,Play,latin,other,slide,400,False,"[16.0, 20.0, 28.0, 32.0]",33,5,"[""slide:728"", ""slide:730"", ""slide:731"", ""slide:733"", ""slide:735""]"
002-vk-workspace-conference.pptx,19,used,Play,latin,other,slide,700,False,"[54.0, 60.0]",6,3,"[""slide:729"", ""slide:732"", ""slide:734""]"
002-vk-workspace-conference.pptx,19,used,Play,latin,title,layout,400,False,[36.0],7,1,"[""slide:726""]"
002-vk-workspace-conference.pptx,20,used,Play,latin,title,layout,400,False,[36.0],7,1,"[""slide:741""]"
002-vk-workspace-conference.pptx,21,used,Play,latin,title,layout,400,False,[36.0],7,1,"[""slide:749""]"
002-vk-workspace-conference.pptx,22,used,Play,latin,other,slide,400,False,"[14.0, 16.0]",82,9,"[""slide:756"", ""slide:758"", ""slide:760"", ""slide:762"", ""slide:769""]"
002-vk-workspace-conference.pptx,22,used,Play,latin,title,layout,400,False,[36.0],16,2,"[""slide:768""]"
002-vk-workspace-conference.pptx,22,hint,Arial,latin,other,master,400,False,[14.0],0,0,"[""slide:757"", ""slide:759"", ""slide:761"", ""slide:763""]"
002-vk-workspace-conference.pptx,23,used,Play,latin,other,slide,400,False,"[14.0, 16.0]",102,12,"[""slide:776"", ""slide:777"", ""slide:778"", ""slide:779"", ""slide:780"", ""slide:781""]"
002-vk-workspace-conference.pptx,23,used,Play,latin,title,layout,400,False,[36.0],17,1,"[""slide:775""]"
002-vk-workspace-conference.pptx,23,hint,Arial,latin,other,master,400,False,[14.0],0,0,"[""slide:782"", ""slide:783"", ""slide:784"", ""slide:785"", ""slide:786"", ""slide:787""]"
002-vk-workspace-conference.pptx,24,used,Play,latin,other,slide,400,False,[16.0],6,1,"[""slide:804""]"
002-vk-workspace-conference.pptx,24,used,Play,latin,other,slide,700,False,[24.0],7,1,"[""slide:803""]"
002-vk-workspace-conference.pptx,24,used,Play,latin,title,layout,700,False,[66.0],14,1,"[""slide:802""]"
002-vk-workspace-conference.pptx,24,hint,Arial,latin,other,master,400,False,[14.0],0,0,"[""slide:800"", ""slide:801""]"
002-vk-workspace-conference.pptx,25,used,Play,latin,other,slide,400,False,[16.0],25,5,"[""slide:813"", ""slide:817"", ""slide:821"", ""slide:825"", ""slide:829""]"
002-vk-workspace-conference.pptx,25,used,Play,latin,title,layout,400,False,[36.0],9,1,"[""slide:812""]"
002-vk-workspace-conference.pptx,25,hint,Arial,latin,other,master,400,False,[14.0],0,0,"[""slide:815"", ""slide:819"", ""slide:823"", ""slide:827"", ""slide:831""]"
002-vk-workspace-conference.pptx,26,used,Play,latin,other,slide,400,False,"[18.0, 20.0]",48,8,"[""slide:840"", ""slide:841"", ""slide:842"", ""slide:843"", ""slide:849"", ""slide:850"", ""slide:851"", ""slide:852""]"
002-vk-workspace-conference.pptx,26,used,Play,latin,title,layout,400,False,[36.0],8,1,"[""slide:839""]"
002-vk-workspace-conference.pptx,26,hint,Arial,latin,other,master,400,False,[14.0],0,0,"[""slide:845"", ""slide:846"", ""slide:847"", ""slide:848""]"
002-vk-workspace-conference.pptx,27,used,Play,latin,other,slide,400,False,[20.0],32,4,"[""slide:859"", ""slide:860"", ""slide:861"", ""slide:862""]"
002-vk-workspace-conference.pptx,27,used,Play,latin,other,slide,700,False,[66.0],8,4,"[""slide:863"", ""slide:864"", ""slide:865"", ""slide:866""]"
002-vk-workspace-conference.pptx,27,used,Play,latin,title,layout,400,False,[36.0],8,1,"[""slide:858""]"
002-vk-workspace-conference.pptx,28,used,Play,latin,title,layout,700,False,[144.0],3,1,"[""slide:874""]"
002-vk-workspace-conference.pptx,29,used,Play,latin,other,slide,400,False,[16.0],42,4,"[""slide:882"", ""slide:884""]"
002-vk-workspace-conference.pptx,29,used,Play,latin,other,slide,700,False,[24.0],7,1,"[""slide:885""]"
002-vk-workspace-conference.pptx,29,used,Play,latin,title,layout,400,False,[54.0],19,2,"[""slide:880""]"
002-vk-workspace-conference.pptx,29,hint,Arial,latin,other,master,400,False,[14.0],0,0,"[""slide:881"", ""slide:883""]"
003-vk-tech.pptx,1,used,Play,latin,body,layout,400,False,[16.0],29,1,"[""slide:402""]"
003-vk-tech.pptx,1,used,Play,latin,title,layout,400,False,[48.0],7,1,"[""slide:401""]"
003-vk-tech.pptx,2,used,Play,latin,body,layout,400,False,"[11.0, 16.0]",49,3,"[""slide:408"", ""slide:409"", ""slide:410""]"
003-vk-tech.pptx,2,used,Play,latin,other,slide,400,False,[10.0],12,2,"[""slide:412""]"
003-vk-tech.pptx,2,used,Play,latin,title,layout,400,False,[54.0],7,1,"[""slide:407""]"
003-vk-tech.pptx,2,hint,Arial,latin,other,master,400,False,[14.0],0,0,"[""slide:411""]"
003-vk-tech.pptx,3,used,Play,latin,body,layout,400,False,[15.0],23,1,"[""slide:418""]"
003-vk-tech.pptx,3,used,Play,latin,title,layout,400,False,[29.0],31,1,"[""slide:417""]"
003-vk-tech.pptx,3,hint,Arial,latin,other,master,400,False,[14.0],0,0,"[""slide:420"", ""slide:421"", ""slide:422"", ""slide:423"", ""slide:424""]"
003-vk-tech.pptx,4,used,Play,latin,body,layout,400,False,"[11.0, 16.0]",20,2,"[""slide:430"", ""slide:431""]"
003-vk-tech.pptx,4,used,Play,latin,other,slide,400,False,[10.0],12,2,"[""slide:433""]"
003-vk-tech.pptx,4,used,Play,latin,title,layout,400,False,[47.0],20,1,"[""slide:429""]"
003-vk-tech.pptx,4,hint,Arial,latin,other,master,400,False,[14.0],0,0,"[""slide:432""]"
003-vk-tech.pptx,5,used,Play,latin,body,layout,400,False,"[11.0, 16.0]",31,2,"[""slide:439"", ""slide:440""]"
003-vk-tech.pptx,5,used,Play,latin,other,slide,400,False,[10.0],10,2,"[""slide:442""]"
003-vk-tech.pptx,5,used,Play,latin,title,layout,400,False,[47.0],20,1,"[""slide:438""]"
003-vk-tech.pptx,5,hint,Arial,latin,other,master,400,False,[14.0],0,0,"[""slide:441""]"
003-vk-tech.pptx,6,used,Play,latin,body,layout,400,False,[16.0],24,2,"[""slide:448""]"
003-vk-tech.pptx,6,used,Play,latin,title,layout,400,False,[36.0],20,1,"[""slide:447""]"
003-vk-tech.pptx,7,used,Play,latin,title,layout,400,False,[24.0],9,1,"[""slide:453""]"
003-vk-tech.pptx,7,hint,Arial,latin,other,master,400,False,[14.0],0,0,"[""slide:461"", ""slide:463"", ""slide:465"", ""slide:467"", ""slide:469"", ""slide:471""]"
003-vk-tech.pptx,7,hint,Play,latin,body,layout,400,False,[12.0],0,0,"[""slide:454"", ""slide:455"", ""slide:456"", ""slide:457"", ""slide:458"", ""slide:459""]"
003-vk-tech.pptx,8,used,Play,latin,title,layout,400,False,[24.0],9,1,"[""slide:487""]"
003-vk-tech.pptx,8,hint,Arial,latin,other,master,400,False,[14.0],0,0,"[""slide:479"", ""slide:481"", ""slide:483"", ""slide:485"", ""slide:493""]"
003-vk-tech.pptx,8,hint,Play,latin,body,layout,400,False,[12.0],0,0,"[""slide:488"", ""slide:489"", ""slide:490"", ""slide:491"", ""slide:492""]"
003-vk-tech.pptx,9,used,Play,latin,body,layout,400,False,"[10.0, 12.0]",30,5,"[""slide:504"", ""slide:505""]"
003-vk-tech.pptx,9,used,Play,latin,other,slide,400,False,[10.0],12,2,"[""slide:507""]"
003-vk-tech.pptx,9,used,Play,latin,title,layout,400,False,[24.0],9,1,"[""slide:503""]"
003-vk-tech.pptx,9,hint,Arial,latin,other,master,400,False,[14.0],0,0,"[""slide:506""]"
003-vk-tech.pptx,10,used,Play,latin,body,layout,400,False,"[12.0, 14.0, 20.0]",45,7,"[""slide:512"", ""slide:513"", ""slide:514""]"
003-vk-tech.pptx,10,used,Play,latin,other,slide,400,False,[10.0],12,2,"[""slide:517""]"
003-vk-tech.pptx,10,used,Play,latin,title,layout,400,False,[24.0],13,1,"[""slide:515""]"
003-vk-tech.pptx,10,hint,Arial,latin,other,master,400,False,[14.0],0,0,"[""slide:516""]"
003-vk-tech.pptx,11,used,Play,latin,body,layout,400,False,"[12.0, 14.0]",29,5,"[""slide:522"", ""slide:523""]"
003-vk-tech.pptx,11,used,Play,latin,other,slide,400,False,[10.0],12,2,"[""slide:526""]"
003-vk-tech.pptx,11,used,Play,latin,title,layout,400,False,[24.0],11,1,"[""slide:524""]"
003-vk-tech.pptx,11,hint,Arial,latin,other,master,400,False,[14.0],0,0,"[""slide:525""]"
003-vk-tech.pptx,12,used,Play,latin,other,slide,400,False,"[12.0, 14.0]",200,20,"[""slide:535"", ""slide:536"", ""slide:539"", ""slide:540"", ""slide:543"", ""slide:544"", ""slide:547"", ""slide:548"", ""slide:551"", ""slide:552"", ""slide:557"", ""slide:558"", ""slide:561"", ""slide:562"", ""slide:565"", ""slide:566"", ""slide:569"", ""slide:570"", ""slide:573"", ""slide:574""]"
003-vk-tech.pptx,12,used,Play,latin,title,layout,400,False,[24.0],21,1,"[""slide:531""]"
003-vk-tech.pptx,12,hint,Arial,latin,other,master,400,False,[14.0],0,0,"[""slide:532"", ""slide:533"", ""slide:534"", ""slide:537"", ""slide:538"", ""slide:541"", ""slide:542"", ""slide:545"", ""slide:546"", ""slide:549"", ""slide:550"", ""slide:553"", ""slide:554"", ""slide:555"", ""slide:556"", ""slide:559"", ""slide:560"", ""slide:563"", ""slide:564"", ""slide:567"", ""slide:568"", ""slide:571"", ""slide:572""]"
003-vk-tech.pptx,13,used,Play,latin,other,slide,400,False,"[7.0, 8.0, 9.0, 10.0]",400,37,"[""slide:585"", ""slide:586"", ""slide:587"", ""slide:590"", ""slide:591"", ""slide:594"", ""slide:595"", ""slide:598"", ""slide:599"", ""slide:600"", ""slide:603"", ""slide:604"", ""slide:607"", ""slide:608"", ""slide:611"", ""slide:612"", ""slide:613"", ""slide:616"", ""slide:617"", ""slide:620"", ""slide:621"", ""slide:624"", ""slide:625"", ""slide:626"", ""slide:629"", ""slide:630"", ""slide:633"", ""slide:634"", ""slide:637"", ""slide:638"", ""slide:639"", ""slide:642"", ""slide:643"", ""slide:646"", ""slide:647"", ""slide:650"", ""slide:651""]"
003-vk-tech.pptx,13,used,Play,latin,title,layout,400,False,[24.0],21,1,"[""slide:579""]"
003-vk-tech.pptx,13,hint,Arial,latin,other,master,400,False,[14.0],0,0,"[""slide:580"", ""slide:584"", ""slide:588"", ""slide:589"", ""slide:592"", ""slide:593"", ""slide:596"", ""slide:597"", ""slide:601"", ""slide:602"", ""slide:605"", ""slide:606"", ""slide:609"", ""slide:610"", ""slide:614"", ""slide:615"", ""slide:618"", ""slide:619"", ""slide:622"", ""slide:623"", ""slide:627"", ""slide:628"", ""slide:631"", ""slide:632"", ""slide:635"", ""slide:636"", ""slide:640"", ""slide:641"", ""slide:644"", ""slide:645"", ""slide:648"", ""slide:649""]"
003-vk-tech.pptx,14,used,Play,latin,other,slide,400,False,"[9.0, 12.0]",356,8,"[""slide:668"", ""slide:669"", ""slide:673"", ""slide:674"", ""slide:678"", ""slide:679"", ""slide:683"", ""slide:684""]"
003-vk-tech.pptx,14,used,Play,latin,title,layout,400,False,[24.0],33,2,"[""slide:685""]"
003-vk-tech.pptx,14,hint,Arial,latin,other,master,400,False,[14.0],0,0,"[""slide:662"", ""slide:663"", ""slide:664"", ""slide:665"", ""slide:666"", ""slide:667"", ""slide:670"", ""slide:671"", ""slide:672"", ""slide:675"", ""slide:676"", ""slide:677"", ""slide:680"", ""slide:681"", ""slide:682""]"
003-vk-tech.pptx,15,used,Play,latin,other,slide,400,False,"[9.0, 12.0]",356,8,"[""slide:696"", ""slide:697"", ""slide:702"", ""slide:703"", ""slide:708"", ""slide:709"", ""slide:714"", ""slide:715""]"
003-vk-tech.pptx,15,used,Play,latin,title,layout,400,False,[24.0],30,2,"[""slide:717""]"
003-vk-tech.pptx,15,hint,Arial,latin,other,master,400,False,[14.0],0,0,"[""slide:691"", ""slide:692"", ""slide:693"", ""slide:694"", ""slide:695"", ""slide:699"", ""slide:700"", ""slide:701"", ""slide:705"", ""slide:706"", ""slide:707"", ""slide:711"", ""slide:712"", ""slide:713""]"
003-vk-tech.pptx,16,used,Play,latin,other,slide,400,False,"[9.0, 12.0]",712,16,"[""slide:730"", ""slide:731"", ""slide:735"", ""slide:736"", ""slide:740"", ""slide:741"", ""slide:745"", ""slide:746"", ""slide:751"", ""slide:752"", ""slide:756"", ""slide:757"", ""slide:761"", ""slide:762"", ""slide:766"", ""slide:767""]"
003-vk-tech.pptx,16,used,Play,latin,title,layout,400,False,[24.0],31,2,"[""slide:768""]"
003-vk-tech.pptx,16,hint,Arial,latin,other,master,400,False,[14.0],0,0,"[""slide:723"", ""slide:724"", ""slide:725"", ""slide:726"", ""slide:727"", ""slide:728"", ""slide:729"", ""slide:732"", ""slide:733"", ""slide:734"", ""slide:737"", ""slide:738"", ""slide:739"", ""slide:742"", ""slide:743"", ""slide:744"", ""slide:747"", ""slide:748"", ""slide:749"", ""slide:750"", ""slide:753"", ""slide:754"", ""slide:755"", ""slide:758"", ""slide:759"", ""slide:760"", ""slide:763"", ""slide:764"", ""slide:765""]"
003-vk-tech.pptx,17,used,Play,latin,other,slide,400,False,"[9.0, 12.0]",534,12,"[""slide:780"", ""slide:781"", ""slide:785"", ""slide:786"", ""slide:790"", ""slide:791"", ""slide:796"", ""slide:797"", ""slide:801"", ""slide:802"", ""slide:806"", ""slide:807""]"
003-vk-tech.pptx,17,used,Play,latin,title,layout,400,False,[24.0],31,2,"[""slide:808""]"
003-vk-tech.pptx,17,hint,Arial,latin,other,master,400,False,[14.0],0,0,"[""slide:774"", ""slide:775"", ""slide:776"", ""slide:777"", ""slide:778"", ""slide:779"", ""slide:782"", ""slide:783"", ""slide:784"", ""slide:787"", ""slide:788"", ""slide:789"", ""slide:792"", ""slide:793"", ""slide:794"", ""slide:795"", ""slide:798"", ""slide:799"", ""slide:800"", ""slide:803"", ""slide:804"", ""slide:805""]"
003-vk-tech.pptx,18,used,Play,latin,other,slide,400,False,"[9.0, 12.0]",445,10,"[""slide:820"", ""slide:821"", ""slide:825"", ""slide:826"", ""slide:830"", ""slide:831"", ""slide:836"", ""slide:837"", ""slide:843"", ""slide:844""]"
003-vk-tech.pptx,18,used,Play,latin,title,layout,400,False,[24.0],31,2,"[""slide:845""]"
003-vk-tech.pptx,18,hint,Arial,latin,other,master,400,False,[14.0],0,0,"[""slide:814"", ""slide:815"", ""slide:816"", ""slide:817"", ""slide:818"", ""slide:819"", ""slide:822"", ""slide:823"", ""slide:824"", ""slide:827"", ""slide:828"", ""slide:829"", ""slide:832"", ""slide:833"", ""slide:834"", ""slide:835"", ""slide:838"", ""slide:841"", ""slide:842""]"
003-vk-tech.pptx,19,used,Play,latin,other,slide,400,False,"[9.0, 12.0]",356,8,"[""slide:857"", ""slide:858"", ""slide:861"", ""slide:862"", ""slide:866"", ""slide:867"", ""slide:870"", ""slide:871""]"
003-vk-tech.pptx,19,used,Play,latin,title,layout,400,False,[24.0],31,2,"[""slide:872""]"
003-vk-tech.pptx,19,hint,Arial,latin,other,master,400,False,[14.0],0,0,"[""slide:851"", ""slide:852"", ""slide:853"", ""slide:854"", ""slide:855"", ""slide:856"", ""slide:859"", ""slide:860"", ""slide:863"", ""slide:864"", ""slide:865"", ""slide:868"", ""slide:869""]"
003-vk-tech.pptx,20,used,Play,latin,other,slide,400,False,[14.0],20,4,"[""slide:895"", ""slide:896"", ""slide:897"", ""slide:898""]"
003-vk-tech.pptx,20,hint,Arial,latin,other,master,400,False,[14.0],0,0,"[""slide:878"", ""slide:879"", ""slide:882"", ""slide:883"", ""slide:886"", ""slide:887"", ""slide:890"", ""slide:891""]"
003-vk-tech.pptx,20,hint,Play,latin,title,layout,400,False,[24.0],0,0,"[""slide:894""]"
003-vk-tech.pptx,21,used,Play,latin,other,slide,400,False,"[6.0, 8.48, 9.0]",184,28,"[""slide:909"", ""slide:910"", ""slide:911"", ""slide:912"", ""slide:913"", ""slide:914"", ""slide:915"", ""slide:921"", ""slide:922"", ""slide:923"", ""slide:924"", ""slide:925"", ""slide:926"", ""slide:927"", ""slide:933"", ""slide:934"", ""slide:935"", ""slide:936"", ""slide:937"", ""slide:938"", ""slide:939"", ""slide:945"", ""slide:946"", ""slide:947"", ""slide:948"", ""slide:949"", ""slide:950"", ""slide:951""]"
003-vk-tech.pptx,21,used,Play,latin,title,layout,400,False,[24.0],33,2,"[""slide:906""]"
003-vk-tech.pptx,21,hint,Arial,latin,other,master,400,False,[14.0],0,0,"[""slide:904"", ""slide:905"", ""slide:916"", ""slide:917"", ""slide:918"", ""slide:928"", ""slide:929"", ""slide:930"", ""slide:940"", ""slide:941"", ""slide:942"", ""slide:952"", ""slide:953"", ""slide:954""]"
003-vk-tech.pptx,22,used,Play,latin,other,slide,400,False,"[18.03, 27.05]",42,4,"[""slide:966"", ""slide:967"", ""slide:977"", ""slide:978""]"
003-vk-tech.pptx,22,used,Play,latin,title,layout,400,False,[24.0],24,1,"[""slide:980""]"
003-vk-tech.pptx,22,hint,Arial,latin,other,master,400,False,[14.0],0,0,"[""slide:960"", ""slide:961"", ""slide:963"", ""slide:964"", ""slide:965"", ""slide:974"", ""slide:975"", ""slide:976"", ""slide:979""]"
003-vk-tech.pptx,23,used,Play,latin,other,slide,400,False,"[5.63, 7.84, 9.0, 12.0]",66,10,"[""slide:1000"", ""slide:1006"", ""slide:1011"", ""slide:1016"", ""slide:1018"", ""slide:1019"", ""slide:1020"", ""slide:1021"", ""slide:992"", ""slide:997""]"
003-vk-tech.pptx,23,used,Play,latin,title,layout,400,False,[24.0],31,2,"[""slide:1017""]"
003-vk-tech.pptx,23,hint,Arial,latin,other,master,400,False,[14.0],0,0,"[""slide:1001"", ""slide:1002"", ""slide:1003"", ""slide:1007"", ""slide:1008"", ""slide:1012"", ""slide:987"", ""slide:988"", ""slide:989"", ""slide:991"", ""slide:993"", ""slide:994"", ""slide:999""]"
003-vk-tech.pptx,24,used,Play,latin,other,slide,400,False,[12.0],372,3,"[""slide:1036"", ""slide:1042"", ""slide:1047""]"
003-vk-tech.pptx,24,used,Play,latin,title,layout,400,False,[24.0],32,2,"[""slide:1050""]"
003-vk-tech.pptx,24,hint,Arial,latin,other,master,400,False,[14.0],0,0,"[""slide:1027"", ""slide:1029"", ""slide:1031"", ""slide:1032"", ""slide:1033"", ""slide:1034"", ""slide:1035"", ""slide:1037"", ""slide:1040"", ""slide:1041"", ""slide:1043"", ""slide:1045"", ""slide:1046"", ""slide:1048""]"
003-vk-tech.pptx,25,used,Play,latin,other,slide,400,False,"[9.92, 13.22]",356,8,"[""slide:1059"", ""slide:1060"", ""slide:1063"", ""slide:1064"", ""slide:1067"", ""slide:1068"", ""slide:1071"", ""slide:1072""]"
003-vk-tech.pptx,25,used,Play,latin,title,layout,400,False,[24.0],21,2,"[""slide:1073""]"
003-vk-tech.pptx,25,hint,Arial,latin,other,master,400,False,[14.0],0,0,"[""slide:1056"", ""slide:1057"", ""slide:1058"", ""slide:1061"", ""slide:1062"", ""slide:1065"", ""slide:1066"", ""slide:1069"", ""slide:1070""]"
003-vk-tech.pptx,26,used,Play,latin,other,slide,400,False,"[10.5, 14.0]",56,8,"[""slide:1094"", ""slide:1095"", ""slide:1096"", ""slide:1097"", ""slide:1098"", ""slide:1099"", ""slide:1100"", ""slide:1101""]"
003-vk-tech.pptx,26,used,Play,latin,title,layout,400,False,[24.0],30,2,"[""slide:1093""]"
003-vk-tech.pptx,26,hint,Arial,latin,other,master,400,False,[14.0],0,0,"[""slide:1081"", ""slide:1084"", ""slide:1087"", ""slide:1090"", ""slide:1092""]"
003-vk-tech.pptx,27,used,Play,latin,other,slide,400,False,[13.22],36,4,"[""slide:1110"", ""slide:1111"", ""slide:1112"", ""slide:1113""]"
003-vk-tech.pptx,27,used,Play,latin,title,layout,400,False,[24.0],31,2,"[""slide:1109""]"
003-vk-tech.pptx,27,hint,Arial,latin,other,master,400,False,[14.0],0,0,"[""slide:1107"", ""slide:1108""]"
003-vk-tech.pptx,28,used,Play,latin,other,slide,400,False,[16.88],98,4,"[""slide:1123"", ""slide:1126"", ""slide:1130""]"
003-vk-tech.pptx,28,used,Play,latin,title,layout,400,False,[24.0],31,2,"[""slide:1132""]"
003-vk-tech.pptx,28,hint,Arial,latin,other,master,400,False,[14.0],0,0,"[""slide:1119"", ""slide:1120"", ""slide:1121"", ""slide:1124"", ""slide:1128""]"
003-vk-tech.pptx,29,used,Play,latin,other,slide,400,False,"[9.0, 11.0]",70,10,"[""slide:1152"", ""slide:1153"", ""slide:1154"", ""slide:1155"", ""slide:1156"", ""slide:1157"", ""slide:1158"", ""slide:1159"", ""slide:1160"", ""slide:1161""]"
003-vk-tech.pptx,29,used,Play,latin,title,layout,400,False,[24.0],31,2,"[""slide:1151""]"
003-vk-tech.pptx,29,hint,Arial,latin,other,master,400,False,[14.0],0,0,"[""slide:1138"", ""slide:1139"", ""slide:1140"", ""slide:1141"", ""slide:1142"", ""slide:1143"", ""slide:1144"", ""slide:1145"", ""slide:1146"", ""slide:1147"", ""slide:1148"", ""slide:1149"", ""slide:1150""]"
003-vk-tech.pptx,30,used,Play,latin,other,slide,400,False,"[6.38, 10.13]",130,10,"[""slide:1170"", ""slide:1173"", ""slide:1174"", ""slide:1177"", ""slide:1180"", ""slide:1183"", ""slide:1186"", ""slide:1189"", ""slide:1192"", ""slide:1195""]"
003-vk-tech.pptx,30,used,Play,latin,title,layout,400,False,[18.0],9,1,"[""slide:1198""]"
003-vk-tech.pptx,30,hint,Arial,latin,other,master,400,False,[14.0],0,0,"[""slide:1167"", ""slide:1168"", ""slide:1169"", ""slide:1175"", ""slide:1176"", ""slide:1181"", ""slide:1182"", ""slide:1187"", ""slide:1188"", ""slide:1193"", ""slide:1194""]"
003-vk-tech.pptx,31,used,Consolas,latin,other,slide,400,False,[14.06],263,35,"[""slide:1205""]"
003-vk-tech.pptx,31,used,Play,latin,title,layout,400,False,[24.0],9,1,"[""slide:1207""]"
003-vk-tech.pptx,31,hint,Arial,latin,other,master,400,False,[14.0],0,0,"[""slide:1206""]"
003-vk-tech.pptx,32,used,Consolas,latin,other,slide,400,False,[12.25],263,35,"[""slide:1214""]"
003-vk-tech.pptx,32,used,Play,latin,title,layout,400,False,[24.0],34,1,"[""slide:1220""]"
003-vk-tech.pptx,32,hint,Arial,latin,other,master,400,False,[14.0],0,0,"[""slide:1215"", ""slide:1216""]"
003-vk-tech.pptx,33,used,Play,latin,other,slide,400,False,"[8.12, 16.0]",201,31,"[""slide:1230"", ""slide:1231"", ""slide:1232"", ""slide:1238"", ""slide:1241"", ""slide:1244"", ""slide:1250"", ""slide:1253"", ""slide:1256"", ""slide:1262"", ""slide:1265"", ""slide:1268"", ""slide:1274"", ""slide:1277"", ""slide:1280"", ""slide:1286"", ""slide:1289"", ""slide:1292"", ""slide:1298"", ""slide:1301"", ""slide:1304"", ""slide:1310"", ""slide:1313"", ""slide:1316"", ""slide:1322"", ""slide:1325"", ""slide:1328"", ""slide:1334"", ""slide:1337"", ""slide:1340"", ""slide:1345""]"
003-vk-tech.pptx,33,used,Play,latin,other,slide,700,False,[96.0],3,1,"[""slide:1344""]"
003-vk-tech.pptx,33,used,Play,latin,title,slide,400,False,[24.0],34,1,"[""slide:1343""]"
003-vk-tech.pptx,33,hint,Arial,latin,other,master,400,False,[14.0],0,0,"[""slide:1227"", ""slide:1228"", ""slide:1229"", ""slide:1233"", ""slide:1235"", ""slide:1236"", ""slide:1237"", ""slide:1239"", ""slide:1240"", ""slide:1242"", ""slide:1243"", ""slide:1245"", ""slide:1247"", ""slide:1248"", ""slide:1249"", ""slide:1251"", ""slide:1252"", ""slide:1254"", ""slide:1255"", ""slide:1257"", ""slide:1259"", ""slide:1260"", ""slide:1261"", ""slide:1263"", ""slide:1264"", ""slide:1266"", ""slide:1267"", ""slide:1269"", ""slide:1271"", ""slide:1272"", ""slide:1273"", ""slide:1275"", ""slide:1276"", ""slide:1278"", ""slide:1279"", ""slide:1281"", ""slide:1283"", ""slide:1284"", ""slide:1285"", ""slide:1287"", ""slide:1288"", ""slide:1290"", ""slide:1291"", ""slide:1293"", ""slide:1295"", ""slide:1296"", ""slide:1297"", ""slide:1299"", ""slide:1300"", ""slide:1302"", ""slide:1303"", ""slide:1305"", ""slide:1307"", ""slide:1308"", ""slide:1309"", ""slide:1311"", ""slide:1312"", ""slide:1314"", ""slide:1315"", ""slide:1317"", ""slide:1319"", ""slide:1320"", ""slide:1321"", ""slide:1323"", ""slide:1324"", ""slide:1326"", ""slide:1327"", ""slide:1329"", ""slide:1331"", ""slide:1332"", ""slide:1333"", ""slide:1335"", ""slide:1336"", ""slide:1338"", ""slide:1339"", ""slide:1341""]"
003-vk-tech.pptx,34,used,Play,latin,other,slide,400,False,"[8.12, 16.0]",190,31,"[""slide:1352"", ""slide:1357"", ""slide:1358"", ""slide:1359"", ""slide:1365"", ""slide:1368"", ""slide:1371"", ""slide:1377"", ""slide:1380"", ""slide:1383"", ""slide:1389"", ""slide:1392"", ""slide:1395"", ""slide:1401"", ""slide:1404"", ""slide:1407"", ""slide:1413"", ""slide:1416"", ""slide:1419"", ""slide:1425"", ""slide:1428"", ""slide:1431"", ""slide:1437"", ""slide:1440"", ""slide:1443"", ""slide:1449"", ""slide:1452"", ""slide:1455"", ""slide:1461"", ""slide:1464"", ""slide:1467""]"
003-vk-tech.pptx,34,used,Play,latin,title,slide,400,False,[24.0],34,1,"[""slide:1351""]"
003-vk-tech.pptx,34,hint,Arial,latin,other,master,400,False,[14.0],0,0,"[""slide:1354"", ""slide:1355"", ""slide:1356"", ""slide:1360"", ""slide:1362"", ""slide:1363"", ""slide:1364"", ""slide:1366"", ""slide:1367"", ""slide:1369"", ""slide:1370"", ""slide:1372"", ""slide:1374"", ""slide:1375"", ""slide:1376"", ""slide:1378"", ""slide:1379"", ""slide:1381"", ""slide:1382"", ""slide:1384"", ""slide:1386"", ""slide:1387"", ""slide:1388"", ""slide:1390"", ""slide:1391"", ""slide:1393"", ""slide:1394"", ""slide:1396"", ""slide:1398"", ""slide:1399"", ""slide:1400"", ""slide:1402"", ""slide:1403"", ""slide:1405"", ""slide:1406"", ""slide:1408"", ""slide:1410"", ""slide:1411"", ""slide:1412"", ""slide:1414"", ""slide:1415"", ""slide:1417"", ""slide:1418"", ""slide:1420"", ""slide:1422"", ""slide:1423"", ""slide:1424"", ""slide:1426"", ""slide:1427"", ""slide:1429"", ""slide:1430"", ""slide:1432"", ""slide:1434"", ""slide:1435"", ""slide:1436"", ""slide:1438"", ""slide:1439"", ""slide:1441"", ""slide:1442"", ""slide:1444"", ""slide:1446"", ""slide:1447"", ""slide:1448"", ""slide:1450"", ""slide:1451"", ""slide:1453"", ""slide:1454"", ""slide:1456"", ""slide:1458"", ""slide:1459"", ""slide:1460"", ""slide:1462"", ""slide:1463"", ""slide:1465"", ""slide:1466"", ""slide:1468""]"
003-vk-tech.pptx,35,used,Play,latin,other,slide,400,False,[8.12],274,50,"[""slide:1479"", ""slide:1480"", ""slide:1481"", ""slide:1482"", ""slide:1483"", ""slide:1489"", ""slide:1492"", ""slide:1495"", ""slide:1498"", ""slide:1501"", ""slide:1507"", ""slide:1510"", ""slide:1513"", ""slide:1516"", ""slide:1519"", ""slide:1525"", ""slide:1528"", ""slide:1531"", ""slide:1534"", ""slide:1537"", ""slide:1543"", ""slide:1546"", ""slide:1549"", ""slide:1552"", ""slide:1555"", ""slide:1561"", ""slide:1564"", ""slide:1567"", ""slide:1570"", ""slide:1573"", ""slide:1579"", ""slide:1582"", ""slide:1585"", ""slide:1588"", ""slide:1591"", ""slide:1597"", ""slide:1600"", ""slide:1603"", ""slide:1606"", ""slide:1609"", ""slide:1615"", ""slide:1618"", ""slide:1621"", ""slide:1624"", ""slide:1627"", ""slide:1633"", ""slide:1636"", ""slide:1639"", ""slide:1642"", ""slide:1645""]"
003-vk-tech.pptx,35,used,Play,latin,title,layout,400,False,[24.0],34,1,"[""slide:1648""]"
003-vk-tech.pptx,35,hint,Arial,latin,other,master,400,False,[14.0],0,0,"[""slide:1476"", ""slide:1477"", ""slide:1478"", ""slide:1484"", ""slide:1486"", ""slide:1487"", ""slide:1488"", ""slide:1490"", ""slide:1491"", ""slide:1493"", ""slide:1494"", ""slide:1496"", ""slide:1497"", ""slide:1499"", ""slide:1500"", ""slide:1502"", ""slide:1504"", ""slide:1505"", ""slide:1506"", ""slide:1508"", ""slide:1509"", ""slide:1511"", ""slide:1512"", ""slide:1514"", ""slide:1515"", ""slide:1517"", ""slide:1518"", ""slide:1520"", ""slide:1522"", ""slide:1523"", ""slide:1524"", ""slide:1526"", ""slide:1527"", ""slide:1529"", ""slide:1530"", ""slide:1532"", ""slide:1533"", ""slide:1535"", ""slide:1536"", ""slide:1538"", ""slide:1540"", ""slide:1541"", ""slide:1542"", ""slide:1544"", ""slide:1545"", ""slide:1547"", ""slide:1548"", ""slide:1550"", ""slide:1551"", ""slide:1553"", ""slide:1554"", ""slide:1556"", ""slide:1558"", ""slide:1559"", ""slide:1560"", ""slide:1562"", ""slide:1563"", ""slide:1565"", ""slide:1566"", ""slide:1568"", ""slide:1569"", ""slide:1571"", ""slide:1572"", ""slide:1574"", ""slide:1576"", ""slide:1577"", ""slide:1578"", ""slide:1580"", ""slide:1581"", ""slide:1583"", ""slide:1584"", ""slide:1586"", ""slide:1587"", ""slide:1589"", ""slide:1590"", ""slide:1592"", ""slide:1594"", ""slide:1595"", ""slide:1596"", ""slide:1598"", ""slide:1599"", ""slide:1601"", ""slide:1602"", ""slide:1604"", ""slide:1605"", ""slide:1607"", ""slide:1608"", ""slide:1610"", ""slide:1612"", ""slide:1613"", ""slide:1614"", ""slide:1616"", ""slide:1617"", ""slide:1619"", ""slide:1620"", ""slide:1622"", ""slide:1623"", ""slide:1625"", ""slide:1626"", ""slide:1628"", ""slide:1630"", ""slide:1631"", ""slide:1632"", ""slide:1634"", ""slide:1635"", ""slide:1637"", ""slide:1638"", ""slide:1640"", ""slide:1641"", ""slide:1643"", ""slide:1644"", ""slide:1646""]"
003-vk-tech.pptx,36,used,Play,latin,other,slide,400,False,[6.75],407,80,"[""slide:1658"", ""slide:1659"", ""slide:1660"", ""slide:1661"", ""slide:1662"", ""slide:1663"", ""slide:1664"", ""slide:1665"", ""slide:1671"", ""slide:1674"", ""slide:1677"", ""slide:1680"", ""slide:1683"", ""slide:1686"", ""slide:1689"", ""slide:1692"", ""slide:1698"", ""slide:1701"", ""slide:1704"", ""slide:1707"", ""slide:1710"", ""slide:1713"", ""slide:1716"", ""slide:1719"", ""slide:1725"", ""slide:1728"", ""slide:1731"", ""slide:1734"", ""slide:1737"", ""slide:1740"", ""slide:1743"", ""slide:1746"", ""slide:1752"", ""slide:1755"", ""slide:1758"", ""slide:1761"", ""slide:1764"", ""slide:1767"", ""slide:1770"", ""slide:1773"", ""slide:1779"", ""slide:1782"", ""slide:1785"", ""slide:1788"", ""slide:1791"", ""slide:1794"", ""slide:1797"", ""slide:1800"", ""slide:1806"", ""slide:1809"", ""slide:1812"", ""slide:1815"", ""slide:1818"", ""slide:1821"", ""slide:1824"", ""slide:1827"", ""slide:1833"", ""slide:1836"", ""slide:1839"", ""slide:1842"", ""slide:1845"", ""slide:1848"", ""slide:1851"", ""slide:1854"", ""slide:1860"", ""slide:1863"", ""slide:1866"", ""slide:1869"", ""slide:1872"", ""slide:1875"", ""slide:1878"", ""slide:1881"", ""slide:1887"", ""slide:1890"", ""slide:1893"", ""slide:1896"", ""slide:1899"", ""slide:1902"", ""slide:1905"", ""slide:1908""]"
003-vk-tech.pptx,36,used,Play,latin,title,layout,400,False,[24.0],34,1,"[""slide:1911""]"
003-vk-tech.pptx,36,hint,Arial,latin,other,master,400,False,[14.0],0,0,"[""slide:1655"", ""slide:1656"", ""slide:1657"", ""slide:1666"", ""slide:1668"", ""slide:1669"", ""slide:1670"", ""slide:1672"", ""slide:1673"", ""slide:1675"", ""slide:1676"", ""slide:1678"", ""slide:1679"", ""slide:1681"", ""slide:1682"", ""slide:1684"", ""slide:1685"", ""slide:1687"", ""slide:1688"", ""slide:1690"", ""slide:1691"", ""slide:1693"", ""slide:1695"", ""slide:1696"", ""slide:1697"", ""slide:1699"", ""slide:1700"", ""slide:1702"", ""slide:1703"", ""slide:1705"", ""slide:1706"", ""slide:1708"", ""slide:1709"", ""slide:1711"", ""slide:1712"", ""slide:1714"", ""slide:1715"", ""slide:1717"", ""slide:1718"", ""slide:1720"", ""slide:1722"", ""slide:1723"", ""slide:1724"", ""slide:1726"", ""slide:1727"", ""slide:1729"", ""slide:1730"", ""slide:1732"", ""slide:1733"", ""slide:1735"", ""slide:1736"", ""slide:1738"", ""slide:1739"", ""slide:1741"", ""slide:1742"", ""slide:1744"", ""slide:1745"", ""slide:1747"", ""slide:1749"", ""slide:1750"", ""slide:1751"", ""slide:1753"", ""slide:1754"", ""slide:1756"", ""slide:1757"", ""slide:1759"", ""slide:1760"", ""slide:1762"", ""slide:1763"", ""slide:1765"", ""slide:1766"", ""slide:1768"", ""slide:1769"", ""slide:1771"", ""slide:1772"", ""slide:1774"", ""slide:1776"", ""slide:1777"", ""slide:1778"", ""slide:1780"", ""slide:1781"", ""slide:1783"", ""slide:1784"", ""slide:1786"", ""slide:1787"", ""slide:1789"", ""slide:1790"", ""slide:1792"", ""slide:1793"", ""slide:1795"", ""slide:1796"", ""slide:1798"", ""slide:1799"", ""slide:1801"", ""slide:1803"", ""slide:1804"", ""slide:1805"", ""slide:1807"", ""slide:1808"", ""slide:1810"", ""slide:1811"", ""slide:1813"", ""slide:1814"", ""slide:1816"", ""slide:1817"", ""slide:1819"", ""slide:1820"", ""slide:1822"", ""slide:1823"", ""slide:1825"", ""slide:1826"", ""slide:1828"", ""slide:1830"", ""slide:1831"", ""slide:1832"", ""slide:1834"", ""slide:1835"", ""slide:1837"", ""slide:1838"", ""slide:1840"", ""slide:1841"", ""slide:1843"", ""slide:1844"", ""slide:1846"", ""slide:1847"", ""slide:1849"", ""slide:1850"", ""slide:1852"", ""slide:1853"", ""slide:1855"", ""slide:1857"", ""slide:1858"", ""slide:1859"", ""slide:1861"", ""slide:1862"", ""slide:1864"", ""slide:1865"", ""slide:1867"", ""slide:1868"", ""slide:1870"", ""slide:1871"", ""slide:1873"", ""slide:1874"", ""slide:1876"", ""slide:1877"", ""slide:1879"", ""slide:1880"", ""slide:1882"", ""slide:1884"", ""slide:1885"", ""slide:1886"", ""slide:1888"", ""slide:1889"", ""slide:1891"", ""slide:1892"", ""slide:1894"", ""slide:1895"", ""slide:1897"", ""slide:1898"", ""slide:1900"", ""slide:1901"", ""slide:1903"", ""slide:1904"", ""slide:1906"", ""slide:1907"", ""slide:1909""]"
003-vk-tech.pptx,37,used,Play,latin,other,slide,400,False,"[4.14, 4.16, 8.12, 16.0]",280,40,"[""slide:1921"", ""slide:1922"", ""slide:1923"", ""slide:1929"", ""slide:1936"", ""slide:1939"", ""slide:1942"", ""slide:1948"", ""slide:1955"", ""slide:1958"", ""slide:1961"", ""slide:1967"", ""slide:1974"", ""slide:1977"", ""slide:1980"", ""slide:1986"", ""slide:1993"", ""slide:1996"", ""slide:1999"", ""slide:2005"", ""slide:2012"", ""slide:2015"", ""slide:2018"", ""slide:2024"", ""slide:2031"", ""slide:2034"", ""slide:2037"", ""slide:2043"", ""slide:2050"", ""slide:2053"", ""slide:2056"", ""slide:2062"", ""slide:2069"", ""slide:2072"", ""slide:2075"", ""slide:2081"", ""slide:2088"", ""slide:2091"", ""slide:2094"", ""slide:2098""]"
003-vk-tech.pptx,37,used,Play,latin,title,layout,400,False,[24.0],34,1,"[""slide:2097""]"
003-vk-tech.pptx,37,hint,Arial,latin,other,master,400,False,[14.0],0,0,"[""slide:1918"", ""slide:1919"", ""slide:1920"", ""slide:1924"", ""slide:1926"", ""slide:1927"", ""slide:1928"", ""slide:1930"", ""slide:1931"", ""slide:1932"", ""slide:1933"", ""slide:1934"", ""slide:1935"", ""slide:1937"", ""slide:1938"", ""slide:1940"", ""slide:1941"", ""slide:1943"", ""slide:1945"", ""slide:1946"", ""slide:1947"", ""slide:1949"", ""slide:1950"", ""slide:1951"", ""slide:1952"", ""slide:1953"", ""slide:1954"", ""slide:1956"", ""slide:1957"", ""slide:1959"", ""slide:1960"", ""slide:1962"", ""slide:1964"", ""slide:1965"", ""slide:1966"", ""slide:1968"", ""slide:1969"", ""slide:1970"", ""slide:1971"", ""slide:1972"", ""slide:1973"", ""slide:1975"", ""slide:1976"", ""slide:1978"", ""slide:1979"", ""slide:1981"", ""slide:1983"", ""slide:1984"", ""slide:1985"", ""slide:1987"", ""slide:1988"", ""slide:1989"", ""slide:1990"", ""slide:1991"", ""slide:1992"", ""slide:1994"", ""slide:1995"", ""slide:1997"", ""slide:1998"", ""slide:2000"", ""slide:2002"", ""slide:2003"", ""slide:2004"", ""slide:2006"", ""slide:2007"", ""slide:2008"", ""slide:2009"", ""slide:2010"", ""slide:2011"", ""slide:2013"", ""slide:2014"", ""slide:2016"", ""slide:2017"", ""slide:2019"", ""slide:2021"", ""slide:2022"", ""slide:2023"", ""slide:2025"", ""slide:2026"", ""slide:2027"", ""slide:2028"", ""slide:2029"", ""slide:2030"", ""slide:2032"", ""slide:2033"", ""slide:2035"", ""slide:2036"", ""slide:2038"", ""slide:2040"", ""slide:2041"", ""slide:2042"", ""slide:2044"", ""slide:2045"", ""slide:2046"", ""slide:2047"", ""slide:2048"", ""slide:2049"", ""slide:2051"", ""slide:2052"", ""slide:2054"", ""slide:2055"", ""slide:2057"", ""slide:2059"", ""slide:2060"", ""slide:2061"", ""slide:2063"", ""slide:2064"", ""slide:2065"", ""slide:2066"", ""slide:2067"", ""slide:2068"", ""slide:2070"", ""slide:2071"", ""slide:2073"", ""slide:2074"", ""slide:2076"", ""slide:2078"", ""slide:2079"", ""slide:2080"", ""slide:2082"", ""slide:2083"", ""slide:2084"", ""slide:2085"", ""slide:2086"", ""slide:2087"", ""slide:2089"", ""slide:2090"", ""slide:2092"", ""slide:2093"", ""slide:2095""]"
003-vk-tech.pptx,38,used,Play,latin,title,layout,400,False,[24.0],34,1,"[""slide:2104""]"
003-vk-tech.pptx,39,used,Play,latin,other,slide,400,False,"[8.58, 9.15, 10.5, 14.0]",77,29,"[""slide:2117"", ""slide:2119"", ""slide:2121"", ""slide:2123"", ""slide:2125"", ""slide:2127"", ""slide:2129"", ""slide:2131"", ""slide:2133"", ""slide:2136"", ""slide:2138"", ""slide:2140"", ""slide:2142"", ""slide:2144"", ""slide:2146"", ""slide:2148"", ""slide:2150"", ""slide:2152"", ""slide:2154"", ""slide:2155"", ""slide:2156"", ""slide:2157"", ""slide:2158"", ""slide:2159"", ""slide:2160"", ""slide:2161"", ""slide:2162"", ""slide:2163"", ""slide:2164""]"
003-vk-tech.pptx,39,used,Play,latin,title,layout,400,False,[24.0],34,1,"[""slide:2153""]"
003-vk-tech.pptx,39,hint,Arial,latin,other,master,400,False,[14.0],0,0,"[""slide:2116"", ""slide:2118"", ""slide:2120"", ""slide:2122"", ""slide:2124"", ""slide:2126"", ""slide:2128"", ""slide:2130"", ""slide:2132"", ""slide:2134"", ""slide:2135"", ""slide:2137"", ""slide:2139"", ""slide:2141"", ""slide:2143"", ""slide:2145"", ""slide:2147"", ""slide:2149"", ""slide:2151""]"
003-vk-tech.pptx,40,used,Arial,latin,other,slide,400,False,[10.0],5,1,"[""slide:2181""]"
003-vk-tech.pptx,40,used,Play,latin,other,slide,400,False,"[10.5, 14.0]",14,2,"[""slide:2172"", ""slide:2173""]"
003-vk-tech.pptx,40,used,Play,latin,title,layout,400,False,[24.0],23,2,"[""slide:2171""]"
003-vk-tech.pptx,40,hint,Arial,latin,other,master,400,False,[14.0],0,0,"[""slide:2170"", ""slide:2182"", ""slide:2185""]"
003-vk-tech.pptx,41,used,Play,latin,other,slide,400,False,[16.0],112,26,"[""slide:2218"", ""slide:2219"", ""slide:2220"", ""slide:2221"", ""slide:2222"", ""slide:2223"", ""slide:2224"", ""slide:2225"", ""slide:2226"", ""slide:2227"", ""slide:2228"", ""slide:2229"", ""slide:2230"", ""slide:2231"", ""slide:2232"", ""slide:2233"", ""slide:2234"", ""slide:2235"", ""slide:2236"", ""slide:2237"", ""slide:2238"", ""slide:2239"", ""slide:2240"", ""slide:2241"", ""slide:2242"", ""slide:2243""]"
003-vk-tech.pptx,41,used,Play,latin,title,layout,400,False,[24.0],34,1,"[""slide:2217""]"
003-vk-tech.pptx,41,hint,Arial,latin,other,master,400,False,[14.0],0,0,"[""slide:2213""]"
003-vk-tech.pptx,42,used,Play,latin,other,slide,400,False,[16.0],16,2,"[""slide:2254"", ""slide:2255""]"
003-vk-tech.pptx,42,used,Play,latin,other,slide,700,False,[166.0],3,2,"[""slide:2252"", ""slide:2253""]"
003-vk-tech.pptx,42,used,Play,latin,title,layout,400,False,[24.0],34,1,"[""slide:2251""]"
003-vk-tech.pptx,43,used,Play,latin,other,slide,400,False,[16.0],8,1,"[""slide:2264""]"
003-vk-tech.pptx,43,used,Play,latin,title,layout,400,False,[24.0],34,1,"[""slide:2263""]"
003-vk-tech.pptx,44,used,Play,latin,other,slide,400,False,"[10.5, 16.0]",109,35,"[""slide:2297"", ""slide:2298"", ""slide:2299"", ""slide:2300"", ""slide:2301"", ""slide:2302"", ""slide:2303"", ""slide:2304"", ""slide:2305"", ""slide:2306"", ""slide:2307"", ""slide:2308"", ""slide:2309"", ""slide:2310"", ""slide:2311"", ""slide:2312"", ""slide:2313"", ""slide:2314"", ""slide:2315"", ""slide:2316"", ""slide:2317"", ""slide:2318"", ""slide:2319"", ""slide:2320"", ""slide:2321"", ""slide:2322"", ""slide:2323"", ""slide:2324"", ""slide:2325"", ""slide:2326"", ""slide:2327"", ""slide:2328"", ""slide:2329"", ""slide:2330"", ""slide:2331""]"
003-vk-tech.pptx,44,used,Play,latin,title,layout,400,False,[24.0],34,1,"[""slide:2296""]"
003-vk-tech.pptx,44,hint,Arial,latin,other,master,400,False,[14.0],0,0,"[""slide:2292"", ""slide:2293"", ""slide:2294"", ""slide:2295""]"
003-vk-tech.pptx,45,used,Play,latin,other,slide,400,False,"[10.5, 14.0, 32.0]",51,9,"[""slide:2342"", ""slide:2343"", ""slide:2344"", ""slide:2345"", ""slide:2346"", ""slide:2347"", ""slide:2348"", ""slide:2349"", ""slide:2350""]"
003-vk-tech.pptx,45,used,Play,latin,title,layout,400,False,[24.0],34,1,"[""slide:2341""]"
003-vk-tech.pptx,46,used,Play,latin,other,slide,400,False,"[14.0, 32.0, 48.0]",30,7,"[""slide:2373"", ""slide:2374"", ""slide:2375"", ""slide:2376"", ""slide:2377"", ""slide:2378"", ""slide:2379""]"
003-vk-tech.pptx,46,used,Play,latin,title,layout,400,False,[24.0],34,1,"[""slide:2372""]"
003-vk-tech.pptx,46,hint,Arial,latin,other,master,400,False,[14.0],0,0,"[""slide:2360"", ""slide:2361"", ""slide:2362"", ""slide:2363""]"
003-vk-tech.pptx,47,used,Play,latin,other,slide,400,False,"[9.0, 10.5, 14.0]",154,21,"[""slide:2402"", ""slide:2403"", ""slide:2404"", ""slide:2405"", ""slide:2406"", ""slide:2407"", ""slide:2408"", ""slide:2409"", ""slide:2410"", ""slide:2411"", ""slide:2412"", ""slide:2413"", ""slide:2414"", ""slide:2415"", ""slide:2416"", ""slide:2417"", ""slide:2418"", ""slide:2419"", ""slide:2420"", ""slide:2421"", ""slide:2422""]"
003-vk-tech.pptx,47,used,Play,latin,title,layout,400,False,[24.0],34,1,"[""slide:2401""]"
003-vk-tech.pptx,47,hint,Arial,latin,other,master,400,False,[14.0],0,0,"[""slide:2386"", ""slide:2387"", ""slide:2388"", ""slide:2389"", ""slide:2390"", ""slide:2391"", ""slide:2392"", ""slide:2393"", ""slide:2395"", ""slide:2396"", ""slide:2397"", ""slide:2398"", ""slide:2399"", ""slide:2400""]"
003-vk-tech.pptx,48,used,Play,latin,other,slide,400,False,"[10.5, 12.0, 18.0]",66,9,"[""slide:2436"", ""slide:2437"", ""slide:2438"", ""slide:2439"", ""slide:2440"", ""slide:2441"", ""slide:2442"", ""slide:2443"", ""slide:2444""]"
003-vk-tech.pptx,48,used,Play,latin,title,layout,400,False,[24.0],34,1,"[""slide:2435""]"
003-vk-tech.pptx,48,hint,Arial,latin,other,master,400,False,[14.0],0,0,"[""slide:2429"", ""slide:2430"", ""slide:2431"", ""slide:2432"", ""slide:2433"", ""slide:2434""]"
003-vk-tech.pptx,49,used,Play,latin,other,slide,400,False,[12.0],76,19,"[""slide:2473"", ""slide:2474"", ""slide:2475"", ""slide:2476"", ""slide:2477"", ""slide:2478"", ""slide:2479"", ""slide:2480"", ""slide:2481"", ""slide:2482"", ""slide:2483"", ""slide:2484"", ""slide:2485"", ""slide:2486"", ""slide:2487"", ""slide:2488"", ""slide:2489"", ""slide:2490"", ""slide:2492""]"
003-vk-tech.pptx,49,used,Play,latin,other,slide,700,False,[12.0],3,1,"[""slide:2491""]"
003-vk-tech.pptx,49,used,Play,latin,title,layout,400,False,[24.0],34,1,"[""slide:2472""]"
003-vk-tech.pptx,50,used,Play,latin,other,slide,400,False,"[7.0, 12.0, 16.0, 18.0, 24.0]",108,19,"[""slide:2508"", ""slide:2509"", ""slide:2510"", ""slide:2511"", ""slide:2512"", ""slide:2513"", ""slide:2514"", ""slide:2515"", ""slide:2516"", ""slide:2517"", ""slide:2518"", ""slide:2519"", ""slide:2520"", ""slide:2521"", ""slide:2522"", ""slide:2523"", ""slide:2524""]"
003-vk-tech.pptx,50,used,Play,latin,title,layout,400,False,[24.0],24,1,"[""slide:2507""]"
003-vk-tech.pptx,50,hint,Arial,latin,other,master,400,False,[14.0],0,0,"[""slide:2498"", ""slide:2500"", ""slide:2504""]"
003-vk-tech.pptx,51,used,Play,latin,other,slide,400,False,"[12.0, 18.0]",56,8,"[""slide:2536"", ""slide:2537"", ""slide:2538"", ""slide:2539"", ""slide:2540"", ""slide:2541"", ""slide:2542"", ""slide:2543""]"
003-vk-tech.pptx,51,used,Play,latin,title,layout,400,False,[24.0],34,1,"[""slide:2535""]"
003-vk-tech.pptx,51,hint,Arial,latin,other,master,400,False,[14.0],0,0,"[""slide:2530"", ""slide:2531"", ""slide:2532"", ""slide:2533"", ""slide:2534""]"
003-vk-tech.pptx,52,used,Play,latin,other,slide,400,False,[12.0],57,11,"[""slide:2570"", ""slide:2571"", ""slide:2572"", ""slide:2573"", ""slide:2574"", ""slide:2575"", ""slide:2576"", ""slide:2577"", ""slide:2578"", ""slide:2579"", ""slide:2580""]"
003-vk-tech.pptx,52,used,Play,latin,title,layout,400,False,[24.0],34,1,"[""slide:2569""]"
003-vk-tech.pptx,52,hint,Arial,latin,other,master,400,False,[14.0],0,0,"[""slide:2549"", ""slide:2550"", ""slide:2551"", ""slide:2552"", ""slide:2553"", ""slide:2554"", ""slide:2555"", ""slide:2556"", ""slide:2557"", ""slide:2558""]"
003-vk-tech.pptx,53,used,Play,latin,other,slide,400,False,"[7.0, 9.0, 9.09, 11.69, 12.0, 24.38]",359,15,"[""slide:2591"", ""slide:2592"", ""slide:2594"", ""slide:2595"", ""slide:2650"", ""slide:2651"", ""slide:2652"", ""slide:2653"", ""slide:2654"", ""slide:2657"", ""slide:2658"", ""slide:2660"", ""slide:2661"", ""slide:2662"", ""slide:2665""]"
003-vk-tech.pptx,53,hint,Arial,latin,other,master,400,False,[14.0],0,0,"[""slide:2589"", ""slide:2590"", ""slide:2593"", ""slide:2596"", ""slide:2598"", ""slide:2604"", ""slide:2609"", ""slide:2611"", ""slide:2614"", ""slide:2616"", ""slide:2618"", ""slide:2619"", ""slide:2621"", ""slide:2624"", ""slide:2627"", ""slide:2633"", ""slide:2641"", ""slide:2644"", ""slide:2648"", ""slide:2649"", ""slide:2655"", ""slide:2656"", ""slide:2659"", ""slide:2664""]"
003-vk-tech.pptx,54,used,Play,latin,title,layout,400,False,[24.0],28,1,"[""slide:2687""]"
003-vk-tech.pptx,54,hint,Arial,latin,other,master,400,False,[14.0],0,0,"[""slide:2683""]"
004-alfa-bank.pptx,1,used,Styrene A Bold,latin,other,slide,700,,[142.5],18,2,"[""slide:7""]"
004-alfa-bank.pptx,2,used,Styrene A Bold,latin,other,slide,700,,[112.5],32,2,"[""slide:2""]"
004-alfa-bank.pptx,3,used,Styrene A,latin,other,slide,700,,[80.0],10,2,"[""slide:3""]"
004-alfa-bank.pptx,3,used,Styrene A,latin,other,slide,,,"[24.0, 36.0]",39,3,"[""slide:4"", ""slide:5""]"
004-alfa-bank.pptx,3,hint,Calibri,latin,other,master,,,[32.0],0,0,"[""slide:2""]"
004-alfa-bank.pptx,4,used,Styrene A Bold,latin,other,slide,700,False,[60.0],16,1,"[""slide:11""]"
004-alfa-bank.pptx,4,used,Styrene A,latin,other,slide,700,,[80.0],10,2,"[""slide:6""]"
004-alfa-bank.pptx,4,used,Styrene A,latin,other,slide,,,"[24.0, 36.0]",39,3,"[""slide:17"", ""slide:18""]"
004-alfa-bank.pptx,4,hint,Calibri,latin,other,master,,,[32.0],0,0,"[""slide:19""]"
004-alfa-bank.pptx,5,used,Styrene A Bold,latin,other,slide,700,False,[60.0],16,1,"[""slide:11""]"
004-alfa-bank.pptx,6,used,Styrene A Bold,latin,other,slide,700,False,"[60.0, 97.5]",24,5,"[""slide:10"", ""slide:11"", ""slide:7"", ""slide:8"", ""slide:9""]"
004-alfa-bank.pptx,6,used,Styrene A Regular,latin,other,slide,400,False,[28.5],244,4,"[""slide:12"", ""slide:13"", ""slide:14"", ""slide:15""]"
004-alfa-bank.pptx,7,used,Styrene A Bold,latin,other,slide,700,False,[60.0],36,3,"[""slide:11""]"
004-alfa-bank.pptx,7,used,Styrene A Bold,latin,other,slide,700,,[24.0],8,7,"[""slide:20"", ""slide:22"", ""slide:23"", ""slide:24""]"
004-alfa-bank.pptx,7,used,Styrene A Regular,latin,other,slide,400,False,[28.5],396,4,"[""slide:12"", ""slide:13"", ""slide:14"", ""slide:15""]"
004-alfa-bank.pptx,8,used,Styrene A Bold,latin,other,slide,700,False,"[37.5, 60.0]",65,5,"[""slide:11"", ""slide:16"", ""slide:8""]"
004-alfa-bank.pptx,8,used,Styrene A Bold,latin,other,slide,700,,[24.0],4,3,"[""slide:17"", ""slide:7""]"
004-alfa-bank.pptx,8,used,Styrene A Regular,latin,other,slide,400,False,[28.5],534,6,"[""slide:10"", ""slide:12"", ""slide:13"", ""slide:9""]"
004-alfa-bank.pptx,9,used,Styrene A Bold,latin,other,slide,700,False,"[37.5, 60.0]",58,6,"[""slide:10"", ""slide:13"", ""slide:16"", ""slide:9""]"
004-alfa-bank.pptx,9,used,Styrene A Bold,latin,other,slide,700,,[24.0],6,5,"[""slide:22"", ""slide:23"", ""slide:24""]"
004-alfa-bank.pptx,9,used,Styrene A Regular,latin,other,slide,400,False,[22.5],801,9,"[""slide:11"", ""slide:12"", ""slide:14"", ""slide:15"", ""slide:17"", ""slide:18""]"
004-alfa-bank.pptx,10,used,Styrene A Bold,latin,other,slide,700,False,"[37.5, 60.0]",58,6,"[""slide:10"", ""slide:13"", ""slide:16"", ""slide:9""]"
004-alfa-bank.pptx,10,used,Styrene A Bold,latin,other,slide,700,,[24.0],6,5,"[""slide:22"", ""slide:23"", ""slide:24""]"
004-alfa-bank.pptx,10,used,Styrene A Regular,latin,other,slide,400,False,[22.5],801,9,"[""slide:11"", ""slide:12"", ""slide:14"", ""slide:15"", ""slide:17"", ""slide:18""]"
004-alfa-bank.pptx,11,used,Styrene A Bold,latin,other,slide,700,False,[97.5],8,4,"[""slide:10"", ""slide:7"", ""slide:8"", ""slide:9""]"
004-alfa-bank.pptx,11,used,Styrene A Regular,latin,other,slide,400,False,[28.5],134,6,"[""slide:11"", ""slide:12"", ""slide:13"", ""slide:14""]"
004-alfa-bank.pptx,11,hint,Calibri,latin,other,master,,,[32.0],0,0,"[""slide:16""]"
004-alfa-bank.pptx,12,used,Styrene A Bold,latin,other,slide,700,False,[60.0],28,5,"[""slide:9""]"
004-alfa-bank.pptx,12,used,Styrene A Regular,latin,other,slide,,,[22.5],726,22,"[""slide:19"", ""slide:20"", ""slide:21"", ""slide:25"", ""slide:26"", ""slide:27"", ""slide:28"", ""slide:29"", ""slide:30"", ""slide:6"", ""slide:7"", ""slide:8""]"
004-alfa-bank.pptx,13,used,Styrene A Bold,latin,other,slide,700,False,[60.0],36,3,"[""slide:11""]"
004-alfa-bank.pptx,13,used,Styrene A Bold,latin,other,slide,700,,[24.0],8,7,"[""slide:20"", ""slide:21"", ""slide:22"", ""slide:23""]"
004-alfa-bank.pptx,13,used,Styrene A Regular,latin,other,slide,400,False,[28.5],396,4,"[""slide:12"", ""slide:13"", ""slide:14"", ""slide:15""]"
004-alfa-bank.pptx,14,used,Styrene A Bold,latin,other,slide,700,False,"[37.5, 60.0]",65,5,"[""slide:4"", ""slide:5"", ""slide:7""]"
004-alfa-bank.pptx,14,used,Styrene A Regular,latin,other,slide,400,False,[28.5],299,6,"[""slide:6"", ""slide:8""]"
004-alfa-bank.pptx,14,hint,Calibri,latin,other,master,,,[32.0],0,0,"[""slide:11""]"
004-alfa-bank.pptx,15,used,Styrene A Bold,latin,other,slide,700,False,"[37.5, 60.0]",94,7,"[""slide:10"", ""slide:3"", ""slide:4"", ""slide:6"", ""slide:8""]"
004-alfa-bank.pptx,15,used,Styrene A Regular,latin,other,slide,400,False,[28.5],598,12,"[""slide:11"", ""slide:5"", ""slide:7"", ""slide:9""]"
004-alfa-bank.pptx,16,used,Styrene A Bold,latin,other,slide,700,,[88.0],16,3,"[""slide:4""]"
004-alfa-bank.pptx,17,used,Styrene A Bold,latin,other,slide,700,,[88.0],16,3,"[""slide:4""]"
004-alfa-bank.pptx,18,used,Styrene A Bold,latin,other,slide,700,,[88.0],16,3,"[""slide:4""]"
004-alfa-bank.pptx,19,used,Styrene A Bold,latin,other,slide,700,,[88.0],16,3,"[""slide:4""]"
004-alfa-bank.pptx,20,used,Styrene A Bold,latin,other,slide,700,,[88.0],16,3,"[""slide:4""]"
004-alfa-bank.pptx,23,used,Styrene A Bold,latin,other,slide,700,False,[205.0],7,1,"[""slide:5""]"
005-user-template-a.pptx,1,used,Daytona Condensed Light,latin,subtitle,master,400,False,[24.0],15,1,"[""slide:2""]"
005-user-template-a.pptx,1,used,Posterama,latin,title,master,,,[54.0],16,1,"[""slide:4""]"
005-user-template-a.pptx,2,used,Daytona Condensed Light,latin,body,master,400,False,[24.0],54,5,"[""slide:3""]"
005-user-template-a.pptx,2,used,Posterama,latin,title,master,,,[32.0],12,1,"[""slide:2""]"
005-user-template-a.pptx,3,used,Daytona Condensed Light,latin,subtitle,master,400,False,[24.0],84,1,"[""slide:3""]"
005-user-template-a.pptx,3,used,Posterama,latin,title,master,,,[54.0],5,1,"[""slide:2""]"
005-user-template-a.pptx,4,used,Daytona Condensed Light,latin,subtitle,master,400,False,[24.0],148,1,"[""slide:3""]"
005-user-template-a.pptx,4,used,Posterama,latin,title,master,,,[54.0],14,1,"[""slide:2""]"
005-user-template-a.pptx,5,used,Daytona Condensed Light,latin,body,master,400,False,[24.0],158,5,"[""slide:3""]"
005-user-template-a.pptx,5,used,Posterama,latin,title,master,,,[32.0],21,1,"[""slide:2""]"
005-user-template-a.pptx,6,used,Posterama,latin,title,master,,,[54.0],11,1,"[""slide:3""]"
005-user-template-a.pptx,7,used,Daytona Condensed Light,latin,body,master,400,False,[24.0],174,6,"[""slide:3""]"
005-user-template-a.pptx,7,used,Posterama,latin,title,master,,,[32.0],16,1,"[""slide:2""]"
005-user-template-a.pptx,8,used,Daytona Condensed Light,latin,body,master,400,False,[18.0],353,13,"[""slide:3"", ""slide:4""]"
005-user-template-a.pptx,8,used,Posterama,latin,title,master,,,[32.0],21,1,"[""slide:2""]"
005-user-template-a.pptx,9,used,Daytona Condensed Light,latin,body,master,400,False,[18.0],171,3,"[""slide:3""]"
005-user-template-a.pptx,9,used,Daytona Condensed Light,latin,diagram,master,700,,[18.0],30,3,"[""ppt/diagrams/data11.xml""]"
005-user-template-a.pptx,9,used,Daytona Condensed Light,latin,diagram,master,,,[18.0],139,3,"[""ppt/diagrams/data11.xml""]"
005-user-template-a.pptx,9,used,Posterama,latin,title,master,,,[32.0],18,1,"[""slide:2""]"
005-user-template-a.pptx,9,hint,Daytona Condensed Light,latin,diagram,master,,,[18.0],0,0,"[""ppt/diagrams/data11.xml""]"
005-user-template-a.pptx,10,used,Daytona Condensed Light,latin,body,master,400,False,[18.0],156,3,"[""slide:8""]"
005-user-template-a.pptx,10,used,Daytona Condensed Light,latin,body,master,700,False,[18.0],78,3,"[""slide:8""]"
005-user-template-a.pptx,10,used,Daytona Condensed Light,latin,table,master,,,"[18.0, 24.0]",142,10,"[""slide:3""]"
005-user-template-a.pptx,10,used,Posterama,latin,title,master,,,[32.0],12,1,"[""slide:2""]"
005-user-template-a.pptx,11,used,Daytona Condensed Light,latin,table,master,,,"[18.0, 24.0]",180,20,"[""slide:4""]"
005-user-template-a.pptx,11,used,Posterama,latin,title,master,,,[32.0],21,1,"[""slide:2""]"
005-user-template-a.pptx,12,used,Daytona Condensed Light,latin,body,master,400,False,[18.0],463,7,"[""slide:3"", ""slide:4""]"
005-user-template-a.pptx,12,used,Posterama,latin,title,master,,,[32.0],6,1,"[""slide:2""]"
005-user-template-a.pptx,13,used,Daytona Condensed Light,latin,body,master,400,False,[24.0],52,1,"[""slide:4""]"
005-user-template-a.pptx,13,used,Posterama,latin,title,master,,,[54.0],7,1,"[""slide:2""]"
006-user-template-b.pptx,1,used,Calibri,latin,title,slide,700,,[72.0],21,1,"[""slide:2""]"
006-user-template-b.pptx,2,used,Calibri,latin,footer,slide,700,,[18.0],1,1,"[""slide:8""]"
006-user-template-b.pptx,2,used,Calibri,latin,title,slide,700,,[32.0],12,1,"[""slide:2""]"
006-user-template-b.pptx,2,used,Century Gothic,latin,body,master,,,[18.0],107,5,"[""slide:3""]"
006-user-template-b.pptx,2,used,Century Gothic,latin,other,layout,700,,[18.0],4,1,"[""layout:51""]"
006-user-template-b.pptx,2,hint,Century Gothic,latin,body,master,,,[18.0],0,0,"[""slide:3""]"
006-user-template-b.pptx,3,used,Calibri,latin,footer,slide,700,,[18.0],1,1,"[""slide:4""]"
006-user-template-b.pptx,3,used,Calibri,latin,title,slide,700,,[60.0],17,1,"[""slide:2""]"
006-user-template-b.pptx,3,used,Century Gothic,latin,other,layout,700,,[18.0],4,1,"[""layout:16""]"
006-user-template-b.pptx,4,used,Calibri,latin,footer,slide,700,,[18.0],1,1,"[""slide:4""]"
006-user-template-b.pptx,4,used,Calibri,latin,title,slide,700,,[54.0],19,1,"[""slide:51""]"
006-user-template-b.pptx,4,used,Century Gothic,latin,other,layout,700,,[18.0],4,1,"[""layout:34""]"
006-user-template-b.pptx,4,used,Century Gothic,latin,subtitle,master,,,[18.0],39,1,"[""slide:5""]"
006-user-template-b.pptx,5,used,Calibri,latin,footer,slide,700,,[18.0],1,1,"[""slide:5""]"
006-user-template-b.pptx,5,used,Calibri,latin,title,slide,700,,[32.0],21,1,"[""slide:2""]"
006-user-template-b.pptx,5,used,Century Gothic,latin,body,master,,,[18.0],500,5,"[""slide:3""]"
006-user-template-b.pptx,5,used,Century Gothic,latin,other,layout,700,,[18.0],4,1,"[""layout:17""]"
006-user-template-b.pptx,6,used,Calibri,latin,title,slide,700,,[60.0],24,1,"[""slide:2""]"
006-user-template-b.pptx,6,used,Century Gothic,latin,subtitle,master,,,[18.0],29,1,"[""slide:5""]"
006-user-template-b.pptx,7,used,Calibri,latin,footer,slide,700,,[18.0],1,1,"[""slide:8""]"
006-user-template-b.pptx,7,used,Calibri,latin,title,slide,700,,[32.0],30,1,"[""slide:2""]"
006-user-template-b.pptx,7,used,Century Gothic,latin,body,master,,,[18.0],428,9,"[""slide:4"", ""slide:5""]"
006-user-template-b.pptx,7,used,Century Gothic,latin,other,layout,700,,[18.0],4,1,"[""layout:20""]"
006-user-template-b.pptx,8,used,Calibri,latin,footer,slide,700,,[18.0],1,1,"[""slide:6""]"
006-user-template-b.pptx,8,used,Calibri,latin,title,slide,700,,[32.0],46,1,"[""slide:4""]"
006-user-template-b.pptx,8,used,Century Gothic,latin,body,master,,,[18.0],365,8,"[""slide:2"", ""slide:3""]"
006-user-template-b.pptx,8,used,Century Gothic,latin,other,layout,700,,[18.0],4,1,"[""layout:22""]"
006-user-template-b.pptx,9,used,Calibri,latin,footer,slide,700,,[18.0],1,1,"[""slide:5""]"
006-user-template-b.pptx,9,used,Calibri,latin,title,slide,700,,[32.0],15,1,"[""slide:2""]"
006-user-template-b.pptx,9,used,Century Gothic,latin,body,master,,,[18.0],227,2,"[""slide:3""]"
006-user-template-b.pptx,9,used,Century Gothic,latin,other,layout,700,,[18.0],4,1,"[""layout:31""]"
006-user-template-b.pptx,10,used,Calibri,latin,footer,slide,700,,[18.0],2,1,"[""slide:5""]"
006-user-template-b.pptx,10,used,Calibri,latin,title,slide,700,,[32.0],22,1,"[""slide:3""]"
006-user-template-b.pptx,10,used,Century Gothic,latin,body,master,,,[18.0],133,2,"[""slide:2""]"
006-user-template-b.pptx,10,used,Century Gothic,latin,other,layout,700,,[18.0],4,1,"[""layout:21""]"
006-user-template-b.pptx,10,used,Century Gothic,latin,table,master,,,[12.0],242,22,"[""slide:7""]"
006-user-template-b.pptx,11,used,Calibri,latin,footer,slide,700,,[18.0],2,1,"[""slide:6""]"
006-user-template-b.pptx,11,used,Calibri,latin,title,slide,700,,[32.0],30,1,"[""slide:4""]"
006-user-template-b.pptx,11,used,Century Gothic,latin,body,master,,,[16.0],423,14,"[""slide:2"", ""slide:3""]"
006-user-template-b.pptx,11,used,Century Gothic,latin,other,layout,700,,[18.0],4,1,"[""layout:21""]"
006-user-template-b.pptx,11,hint,Century Gothic,latin,body,master,,,[16.0],0,0,"[""slide:2"", ""slide:3""]"
006-user-template-b.pptx,12,used,Calibri,latin,footer,slide,700,,[18.0],2,1,"[""slide:5""]"
006-user-template-b.pptx,12,used,Calibri,latin,title,slide,700,,[32.0],50,1,"[""slide:2""]"
006-user-template-b.pptx,12,used,Century Gothic,latin,other,layout,700,,[18.0],4,1,"[""layout:47""]"
006-user-template-b.pptx,12,used,Century Gothic,latin,table,master,,,[16.0],199,20,"[""slide:22""]"
006-user-template-b.pptx,13,used,Calibri,latin,footer,slide,700,,[18.0],2,1,"[""slide:5""]"
006-user-template-b.pptx,13,used,Calibri,latin,title,slide,700,,[60.0],7,1,"[""slide:2""]"
006-user-template-b.pptx,13,used,Century Gothic,latin,body,master,,,[18.0],47,3,"[""slide:3""]"
006-user-template-b.pptx,13,used,Century Gothic,latin,other,layout,700,,[18.0],4,1,"[""layout:27""]"
007-uw-seattle-a.pptx,1,used,Encode Sans Normal Black,latin,title,layout,700,False,[40.0],25,1,"[""slide:14""]"
007-uw-seattle-a.pptx,1,hint,Open Sans,latin,other,master,,,[20.0],0,0,"[""slide:3""]"
007-uw-seattle-a.pptx,2,used,Encode Sans Normal Black,latin,title,layout,700,False,[28.0],5,1,"[""slide:7""]"
007-uw-seattle-a.pptx,2,used,Open Sans,latin,body,layout,400,False,[18.0],199,5,"[""slide:10""]"
007-uw-seattle-a.pptx,2,used,Uni Sans Regular,latin,body,layout,400,False,[20.0],76,1,"[""slide:3""]"
007-uw-seattle-a.pptx,2,hint,Open Sans,latin,body,layout,400,False,[18.0],0,0,"[""slide:10""]"
007-uw-seattle-a.pptx,3,used,Encode Sans Normal Black,latin,title,layout,700,False,[28.0],21,1,"[""slide:7""]"
007-uw-seattle-a.pptx,3,used,Open Sans,latin,body,layout,400,False,[18.0],253,3,"[""slide:3""]"
007-uw-seattle-a.pptx,4,used,Encode Sans Normal Black,latin,title,layout,700,False,[28.0],18,1,"[""slide:10""]"
007-uw-seattle-a.pptx,4,used,Open Sans,latin,body,layout,400,False,[18.0],400,1,"[""slide:4""]"
007-uw-seattle-a.pptx,4,used,Uni Sans Regular,latin,body,layout,400,False,[20.0],15,1,"[""slide:3""]"
007-uw-seattle-a.pptx,4,hint,Open Sans,latin,body,layout,400,False,[18.0],0,0,"[""slide:4""]"
007-uw-seattle-a.pptx,5,used,Encode Sans Normal Black,latin,title,layout,700,False,[28.0],28,1,"[""slide:12""]"
007-uw-seattle-a.pptx,5,hint,Open Sans,latin,body,layout,400,False,[14.0],0,0,"[""slide:6"", ""slide:9""]"
007-uw-seattle-a.pptx,5,hint,Open Sans,latin,body,master,,,[18.0],0,0,"[""slide:7"", ""slide:8""]"
008-tamu-light.pptx,1,used,Arial Black,latin,other,slide,700,False,[16.0],14,1,"[""slide:78""]"
008-tamu-light.pptx,1,used,Arial Black,latin,other,slide,700,True,[65.0],20,2,"[""slide:75"", ""slide:76""]"
008-tamu-light.pptx,1,used,OSWALD MEDIUMITALIC,latin,other,slide,400,True,[18.0],9,1,"[""slide:77""]"
008-tamu-light.pptx,1,hint,Calibri,latin,other,slide,400,False,[14.0],0,0,"[""slide:77""]"
008-tamu-light.pptx,2,used,Arial Black,latin,other,slide,700,False,"[20.0, 22.0]",27,3,"[""slide:86""]"
008-tamu-light.pptx,2,used,Arial Black,latin,other,slide,700,True,[54.0],11,1,"[""slide:87""]"
008-tamu-light.pptx,2,used,Arial,latin,other,slide,700,False,"[16.0, 18.0]",375,57,"[""slide:86""]"
008-tamu-light.pptx,2,used,Open Sans,latin,other,slide,700,False,"[20.0, 22.0]",3,3,"[""slide:86""]"
008-tamu-light.pptx,3,used,Arial Narrow,latin,other,slide,700,True,[54.0],18,1,"[""slide:92""]"
008-tamu-light.pptx,4,used,Arial Black,latin,other,slide,700,False,"[16.0, 17.0, 96.0]",34,4,"[""slide:100"", ""slide:102"", ""slide:97"", ""slide:99""]"
008-tamu-light.pptx,4,used,Arial Black,latin,other,slide,700,True,[54.0],11,1,"[""slide:103""]"
008-tamu-light.pptx,4,used,Arial Narrow,latin,other,slide,700,True,[36.0],113,25,"[""slide:97""]"
008-tamu-light.pptx,4,used,Arial,latin,other,slide,400,False,[18.0],262,34,"[""slide:101"", ""slide:98""]"
008-tamu-light.pptx,4,hint,Calibri,latin,other,slide,700,True,[28.0],0,0,"[""slide:97""]"
008-tamu-light.pptx,5,used,Arial Black,latin,other,slide,700,True,[54.0],11,1,"[""slide:110""]"
008-tamu-light.pptx,5,used,Arial,latin,other,slide,400,False,[18.0],316,62,"[""slide:109""]"
008-tamu-light.pptx,5,hint,Arial,latin,other,master,400,False,[14.0],0,0,"[""slide:108""]"
008-tamu-light.pptx,6,used,Arial Black,latin,other,slide,700,False,[16.0],30,3,"[""slide:119"", ""slide:4"", ""slide:5""]"
008-tamu-light.pptx,6,used,Arial Black,latin,other,slide,700,True,[54.0],11,1,"[""slide:118""]"
008-tamu-light.pptx,6,used,Arial,latin,other,slide,400,False,[14.0],414,84,"[""slide:119"", ""slide:4"", ""slide:5""]"
008-tamu-light.pptx,6,hint,Arial,latin,other,master,400,False,[14.0],0,0,"[""slide:115"", ""slide:116"", ""slide:117""]"
008-tamu-light.pptx,7,used,Arial Narrow,latin,other,layout,700,True,[54.0],9,1,"[""layout:3""]"
008-tamu-light.pptx,7,used,Arial,latin,other,slide,400,False,[14.0],57,2,"[""slide:126""]"
009-tamu-dark.pptx,1,used,OSWALD MEDIUMITALIC,latin,other,slide,400,True,[18.0],9,1,"[""slide:77""]"
009-tamu-dark.pptx,1,used,Open Sans ExtraBold,latin,other,slide,700,True,[65.0],20,2,"[""slide:75"", ""slide:76""]"
009-tamu-dark.pptx,1,used,Work Sans ExtraBold,latin,other,slide,700,False,[16.0],14,1,"[""slide:78""]"
009-tamu-dark.pptx,1,hint,Calibri,latin,other,slide,400,False,[14.0],0,0,"[""slide:77""]"
009-tamu-dark.pptx,2,used,Open Sans ExtraBold,latin,other,slide,700,True,[54.0],11,1,"[""slide:87""]"
009-tamu-dark.pptx,2,used,Open Sans,latin,other,slide,700,False,"[18.0, 22.0]",378,60,"[""slide:86""]"
009-tamu-dark.pptx,2,used,Work Sans ExtraBold,latin,other,slide,700,False,[22.0],27,3,"[""slide:86""]"
009-tamu-dark.pptx,3,used,OSWALD MEDIUMITALIC,latin,other,slide,400,True,[54.0],18,1,"[""slide:92""]"
009-tamu-dark.pptx,4,used,Open Sans ExtraBold,latin,other,slide,700,True,[54.0],11,1,"[""slide:103""]"
009-tamu-dark.pptx,4,used,Open Sans Extrabold,latin,other,slide,700,False,[96.0],1,1,"[""slide:99""]"
009-tamu-dark.pptx,4,used,Open Sans,latin,other,slide,400,False,[18.0],262,34,"[""slide:101"", ""slide:98""]"
009-tamu-dark.pptx,4,used,Oswald,latin,other,slide,400,True,[36.0],113,24,"[""slide:97""]"
009-tamu-dark.pptx,4,used,Work Sans ExtraBold,latin,other,slide,700,False,"[16.0, 17.0]",33,3,"[""slide:100"", ""slide:102"", ""slide:97""]"
009-tamu-dark.pptx,4,hint,Calibri,latin,other,slide,700,True,[28.0],0,0,"[""slide:97""]"
009-tamu-dark.pptx,5,used,Open Sans ExtraBold,latin,other,slide,700,True,[54.0],11,1,"[""slide:110""]"
009-tamu-dark.pptx,5,used,Open Sans,latin,other,slide,400,False,[18.0],316,62,"[""slide:109""]"
009-tamu-dark.pptx,5,hint,Open Sans,latin,other,master,700,False,[20.0],0,0,"[""slide:108""]"
009-tamu-dark.pptx,6,used,Open Sans ExtraBold,latin,other,slide,700,True,[54.0],11,1,"[""slide:118""]"
009-tamu-dark.pptx,6,used,Open Sans,latin,other,slide,400,False,[14.0],414,84,"[""slide:119"", ""slide:2"", ""slide:3""]"
009-tamu-dark.pptx,6,used,Work Sans ExtraBold,latin,other,slide,700,False,[16.0],30,3,"[""slide:119"", ""slide:2"", ""slide:3""]"
009-tamu-dark.pptx,6,hint,Open Sans,latin,other,master,700,False,[20.0],0,0,"[""slide:115"", ""slide:116"", ""slide:117""]"
009-tamu-dark.pptx,7,used,Open Sans,latin,other,slide,400,False,[14.0],57,2,"[""slide:126""]"
009-tamu-dark.pptx,7,used,Oswald DemiBold,latin,other,layout,700,False,[54.0],9,1,"[""layout:64""]"
010-tamu-duotone.pptx,1,used,Open Sans Extrabold,latin,subtitle,layout,700,False,[24.0],16,1,"[""slide:3""]"
010-tamu-duotone.pptx,1,used,Oswald Medium,latin,title,layout,400,False,[54.0],18,1,"[""slide:2""]"
010-tamu-duotone.pptx,2,hint,Open Sans Extrabold,latin,body,layout,700,False,[22.0],0,0,"[""slide:4"", ""slide:5""]"
010-tamu-duotone.pptx,2,hint,Oswald Medium,latin,title,master,400,False,[44.0],0,0,"[""slide:3""]"
010-tamu-duotone.pptx,3,used,Oswald Medium,latin,title,layout,400,False,[54.0],16,1,"[""slide:2""]"
010-tamu-duotone.pptx,4,used,Oswald Medium,latin,title,layout,400,False,[34.0],28,1,"[""slide:4""]"
011-iowa-standard.pptx,1,used,Roboto,latin,body,layout,,,[22.0],12,1,"[""slide:13""]"
011-iowa-standard.pptx,1,used,Roboto,latin,footer,layout,400,,[16.5],49,1,"[""slide:5""]"
011-iowa-standard.pptx,1,used,Roboto,latin,subtitle,layout,700,,[22.0],21,1,"[""slide:12""]"
011-iowa-standard.pptx,1,used,Roboto,latin,title,layout,700,,[52.0],39,2,"[""slide:2""]"
011-iowa-standard.pptx,2,used,Roboto,latin,subtitle,layout,400,,[22.0],29,1,"[""slide:5""]"
011-iowa-standard.pptx,2,used,Roboto,latin,title,layout,700,,[48.0],13,1,"[""slide:4""]"
011-iowa-standard.pptx,3,used,Roboto,latin,body,layout,,,[22.0],14,1,"[""slide:4""]"
011-iowa-standard.pptx,3,used,Roboto,latin,footer,layout,400,,[16.5],49,1,"[""slide:5""]"
011-iowa-standard.pptx,3,used,Roboto,latin,subtitle,layout,700,,[22.0],33,1,"[""slide:3""]"
011-iowa-standard.pptx,3,used,Roboto,latin,title,layout,700,,[52.0],30,2,"[""slide:2""]"
011-iowa-standard.pptx,4,used,Roboto,latin,body,layout,,,[22.0],14,1,"[""slide:4""]"
011-iowa-standard.pptx,4,used,Roboto,latin,footer,layout,400,,[16.5],49,1,"[""slide:5""]"
011-iowa-standard.pptx,4,used,Roboto,latin,subtitle,layout,700,,[22.0],33,1,"[""slide:3""]"
011-iowa-standard.pptx,4,used,Roboto,latin,title,layout,700,,[52.0],31,2,"[""slide:2""]"
011-iowa-standard.pptx,5,used,Arial,latin,title,layout,700,,[48.0],27,2,"[""slide:3""]"
011-iowa-standard.pptx,5,used,Roboto,latin,body,master,,,[18.0],14,1,"[""slide:5""]"
011-iowa-standard.pptx,5,used,Roboto,latin,footer,layout,400,,[15.0],34,2,"[""slide:7""]"
011-iowa-standard.pptx,5,used,Roboto,latin,subtitle,master,700,,[18.0],33,1,"[""slide:4""]"
011-iowa-standard.pptx,6,used,Arial,latin,title,layout,700,,[48.0],28,1,"[""slide:3""]"
011-iowa-standard.pptx,6,used,Roboto,latin,body,master,,,[18.0],14,1,"[""slide:15""]"
011-iowa-standard.pptx,6,used,Roboto,latin,footer,layout,400,,[15.0],34,2,"[""slide:2""]"
011-iowa-standard.pptx,6,used,Roboto,latin,subtitle,master,700,,[18.0],33,1,"[""slide:13""]"
011-iowa-standard.pptx,7,used,Roboto,latin,subtitle,layout,400,,[22.0],26,1,"[""slide:3""]"
011-iowa-standard.pptx,7,used,Roboto,latin,title,layout,700,,[48.0],24,1,"[""slide:2""]"
011-iowa-standard.pptx,8,used,Roboto,latin,subtitle,layout,400,,[22.0],26,1,"[""slide:3""]"
011-iowa-standard.pptx,8,used,Roboto,latin,title,layout,700,,[48.0],25,1,"[""slide:2""]"
011-iowa-standard.pptx,9,used,Roboto,latin,title,master,700,,[38.0],14,1,"[""slide:4""]"
011-iowa-standard.pptx,10,used,Roboto,latin,body,layout,,,"[20.0, 24.0]",59,6,"[""slide:3""]"
011-iowa-standard.pptx,10,used,Roboto,latin,footer,master,400,,[10.5],42,1,"[""slide:5""]"
011-iowa-standard.pptx,10,used,Roboto,latin,title,layout,700,,[33.0],22,1,"[""slide:2""]"
011-iowa-standard.pptx,11,used,Roboto,latin,body,layout,,,"[20.0, 24.0]",59,6,"[""slide:3""]"
011-iowa-standard.pptx,11,used,Roboto,latin,footer,master,400,,[10.5],42,1,"[""slide:5""]"
011-iowa-standard.pptx,11,used,Roboto,latin,title,layout,700,,[33.0],72,1,"[""slide:2""]"
011-iowa-standard.pptx,11,hint,Roboto,latin,body,layout,,,[24.0],0,0,"[""slide:3""]"
011-iowa-standard.pptx,12,used,Roboto,latin,body,layout,,,"[20.0, 24.0]",59,6,"[""slide:5""]"
011-iowa-standard.pptx,12,used,Roboto,latin,footer,master,400,,[10.5],42,1,"[""slide:6""]"
011-iowa-standard.pptx,12,used,Roboto,latin,title,master,700,,[33.0],23,1,"[""slide:2""]"
011-iowa-standard.pptx,12,hint,Roboto,latin,body,layout,,,[24.0],0,0,"[""slide:5""]"
011-iowa-standard.pptx,13,used,Roboto,latin,body,layout,,,"[20.0, 24.0]",59,6,"[""slide:6""]"
011-iowa-standard.pptx,13,used,Roboto,latin,footer,master,400,,[10.5],42,1,"[""slide:8""]"
011-iowa-standard.pptx,13,used,Roboto,latin,title,layout,700,,[33.0],48,1,"[""slide:5""]"
011-iowa-standard.pptx,13,hint,Roboto,latin,body,layout,,,[24.0],0,0,"[""slide:6""]"
011-iowa-standard.pptx,14,used,Roboto,latin,body,layout,400,,[16.0],742,3,"[""slide:3"", ""slide:5""]"
011-iowa-standard.pptx,14,used,Roboto,latin,body,layout,700,,[20.0],58,2,"[""slide:2"", ""slide:4""]"
011-iowa-standard.pptx,14,used,Roboto,latin,footer,master,400,,[10.5],42,1,"[""slide:8""]"
011-iowa-standard.pptx,14,used,Roboto,latin,title,layout,700,,[33.0],17,1,"[""slide:7""]"
011-iowa-standard.pptx,14,hint,Roboto,latin,body,layout,400,,[16.0],0,0,"[""slide:3"", ""slide:5""]"
011-iowa-standard.pptx,15,used,Roboto,latin,body,layout,400,,[16.0],537,3,"[""slide:3"", ""slide:5"", ""slide:7""]"
011-iowa-standard.pptx,15,used,Roboto,latin,body,layout,700,,[20.0],68,3,"[""slide:2"", ""slide:4"", ""slide:6""]"
011-iowa-standard.pptx,15,used,Roboto,latin,footer,master,400,,[10.5],42,1,"[""slide:10""]"
011-iowa-standard.pptx,15,used,Roboto,latin,title,layout,700,,[33.0],35,1,"[""slide:9""]"
011-iowa-standard.pptx,15,hint,Roboto,latin,body,layout,400,,[16.0],0,0,"[""slide:3"", ""slide:7""]"
011-iowa-standard.pptx,16,used,Roboto,latin,body,layout,400,,[16.0],656,4,"[""slide:3"", ""slide:5"", ""slide:7"", ""slide:9""]"
011-iowa-standard.pptx,16,used,Roboto,latin,body,layout,700,,[20.0],91,4,"[""slide:2"", ""slide:4"", ""slide:6"", ""slide:8""]"
011-iowa-standard.pptx,16,used,Roboto,latin,footer,master,400,,[10.5],42,1,"[""slide:12""]"
011-iowa-standard.pptx,16,used,Roboto,latin,title,layout,700,,[33.0],33,1,"[""slide:11""]"
011-iowa-standard.pptx,16,hint,Roboto,latin,body,layout,400,,[16.0],0,0,"[""slide:5"", ""slide:7"", ""slide:9""]"
011-iowa-standard.pptx,17,used,Roboto,latin,body,layout,400,,[16.0],630,6,"[""slide:12"", ""slide:14"", ""slide:16"", ""slide:18"", ""slide:20"", ""slide:22""]"
011-iowa-standard.pptx,17,used,Roboto,latin,body,layout,700,,[20.0],136,6,"[""slide:11"", ""slide:13"", ""slide:15"", ""slide:17"", ""slide:19"", ""slide:21""]"
011-iowa-standard.pptx,17,used,Roboto,latin,footer,master,400,,[10.5],42,1,"[""slide:23""]"
011-iowa-standard.pptx,17,used,Roboto,latin,title,layout,700,,[33.0],36,1,"[""slide:10""]"
011-iowa-standard.pptx,17,hint,Roboto,latin,body,layout,400,,[16.0],0,0,"[""slide:12"", ""slide:14"", ""slide:18"", ""slide:20"", ""slide:22""]"
011-iowa-standard.pptx,18,used,Roboto,latin,body,layout,400,,[16.0],272,8,"[""slide:11"", ""slide:13"", ""slide:15"", ""slide:17"", ""slide:3"", ""slide:5"", ""slide:7"", ""slide:9""]"
011-iowa-standard.pptx,18,used,Roboto,latin,body,layout,700,,[20.0],184,8,"[""slide:10"", ""slide:12"", ""slide:14"", ""slide:16"", ""slide:2"", ""slide:4"", ""slide:6"", ""slide:8""]"
011-iowa-standard.pptx,18,used,Roboto,latin,footer,master,400,,[10.5],42,1,"[""slide:20""]"
011-iowa-standard.pptx,18,used,Roboto,latin,title,layout,700,,[33.0],36,1,"[""slide:19""]"
011-iowa-standard.pptx,18,hint,Roboto,latin,body,layout,400,,[16.0],0,0,"[""slide:15"", ""slide:17"", ""slide:5"", ""slide:7"", ""slide:9""]"
011-iowa-standard.pptx,19,used,Roboto,latin,body,layout,700,,[20.0],70,6,"[""slide:2"", ""slide:3"", ""slide:4""]"
011-iowa-standard.pptx,19,used,Roboto,latin,footer,master,400,,[10.5],42,1,"[""slide:10""]"
011-iowa-standard.pptx,19,used,Roboto,latin,title,layout,700,,[33.0],24,1,"[""slide:6""]"
011-iowa-standard.pptx,20,used,Roboto,latin,body,layout,700,,[20.0],91,8,"[""slide:2"", ""slide:3"", ""slide:4"", ""slide:5""]"
011-iowa-standard.pptx,20,used,Roboto,latin,footer,master,400,,[10.5],42,1,"[""slide:12""]"
011-iowa-standard.pptx,20,used,Roboto,latin,title,layout,700,,[33.0],23,1,"[""slide:7""]"
011-iowa-standard.pptx,20,hint,Roboto,latin,body,layout,700,,[20.0],0,0,"[""slide:2"", ""slide:3"", ""slide:4"", ""slide:5""]"
011-iowa-standard.pptx,21,used,Roboto,latin,body,layout,400,,[16.0],374,3,"[""slide:3"", ""slide:5"", ""slide:7""]"
011-iowa-standard.pptx,21,used,Roboto,latin,body,layout,700,,[18.0],107,3,"[""slide:2"", ""slide:4"", ""slide:6""]"
011-iowa-standard.pptx,21,used,Roboto,latin,footer,master,400,,[10.5],42,1,"[""slide:13""]"
011-iowa-standard.pptx,21,used,Roboto,latin,title,layout,700,,[33.0],25,1,"[""slide:9""]"
011-iowa-standard.pptx,21,hint,Roboto,latin,body,layout,400,,[16.0],0,0,"[""slide:5""]"
011-iowa-standard.pptx,21,hint,Roboto,latin,body,layout,700,,[18.0],0,0,"[""slide:4"", ""slide:6""]"
011-iowa-standard.pptx,22,used,Roboto,latin,body,layout,400,,[16.0],248,4,"[""slide:10"", ""slide:4"", ""slide:6"", ""slide:8""]"
011-iowa-standard.pptx,22,used,Roboto,latin,body,layout,700,,[18.0],106,4,"[""slide:3"", ""slide:5"", ""slide:7"", ""slide:9""]"
011-iowa-standard.pptx,22,used,Roboto,latin,footer,master,400,,[10.5],42,1,"[""slide:16""]"
011-iowa-standard.pptx,22,used,Roboto,latin,title,layout,700,,[33.0],24,1,"[""slide:12""]"
011-iowa-standard.pptx,22,hint,Roboto,latin,body,layout,400,,[16.0],0,0,"[""slide:6""]"
011-iowa-standard.pptx,23,used,Roboto,latin,body,layout,700,,"[18.0, 41.25]",101,6,"[""slide:2"", ""slide:31"", ""slide:34"", ""slide:5"", ""slide:63"", ""slide:64""]"
011-iowa-standard.pptx,23,used,Roboto,latin,footer,master,400,,[10.5],42,1,"[""slide:4""]"
011-iowa-standard.pptx,23,used,Roboto,latin,title,layout,700,,[33.0],24,1,"[""slide:3""]"
011-iowa-standard.pptx,24,used,Roboto Black,latin,body,layout,,,[13.5],9,1,"[""slide:2""]"
011-iowa-standard.pptx,24,used,Roboto,latin,body,master,400,,[12.0],79,5,"[""slide:5""]"
011-iowa-standard.pptx,24,used,Roboto,latin,footer,master,400,,[16.5],49,1,"[""slide:4""]"
011-iowa-standard.pptx,24,used,Roboto,latin,title,layout,700,,[52.0],10,1,"[""slide:3""]"
011-iowa-standard.pptx,24,hint,Roboto,latin,body,master,400,,[12.0],0,0,"[""slide:5""]"
011-iowa-standard.pptx,25,used,Roboto Black,latin,body,layout,,,[13.5],9,1,"[""slide:7""]"
011-iowa-standard.pptx,25,used,Roboto,latin,body,master,400,,[12.0],79,5,"[""slide:10""]"
011-iowa-standard.pptx,25,used,Roboto,latin,footer,master,400,,[16.5],49,1,"[""slide:2""]"
011-iowa-standard.pptx,25,used,Roboto,latin,title,layout,700,,[52.0],9,1,"[""slide:8""]"
011-iowa-standard.pptx,25,hint,Roboto,latin,body,master,400,,[12.0],0,0,"[""slide:10""]"
011-iowa-standard.pptx,26,used,Roboto,latin,title,master,700,,[30.0],20,1,"[""slide:2""]"
011-iowa-standard.pptx,27,used,Roboto,latin,subtitle,layout,400,,[22.0],29,1,"[""slide:5""]"
011-iowa-standard.pptx,27,used,Roboto,latin,title,layout,700,,[48.0],23,1,"[""slide:4""]"
011-iowa-standard.pptx,28,used,Roboto,latin,body,layout,,,[24.0],200,12,"[""slide:14""]"
011-iowa-standard.pptx,28,used,Roboto,latin,footer,master,400,,[10.5],49,1,"[""slide:5""]"
011-iowa-standard.pptx,28,used,Roboto,latin,title,layout,700,,[33.0],11,1,"[""slide:2""]"
011-iowa-standard.pptx,28,hint,Roboto,latin,body,layout,,,[24.0],0,0,"[""slide:14""]"
011-iowa-standard.pptx,29,used,Roboto,latin,body,layout,,,[24.0],173,3,"[""slide:4""]"
011-iowa-standard.pptx,29,used,Roboto,latin,footer,master,400,,[10.5],49,1,"[""slide:5""]"
011-iowa-standard.pptx,29,used,Roboto,latin,title,master,700,,[33.0],11,1,"[""slide:2""]"
011-iowa-standard.pptx,30,used,Roboto,latin,subtitle,layout,400,,[22.0],29,1,"[""slide:3""]"
011-iowa-standard.pptx,30,used,Roboto,latin,title,layout,700,,[48.0],30,1,"[""slide:2""]"
011-iowa-standard.pptx,31,used,Roboto,latin,footer,master,400,,[10.5],42,1,"[""slide:53""]"
011-iowa-standard.pptx,31,used,Roboto,latin,title,layout,700,,[33.0],20,1,"[""slide:2""]"
011-iowa-standard.pptx,32,used,Roboto,latin,footer,master,400,,[10.5],42,1,"[""slide:53""]"
011-iowa-standard.pptx,32,used,Roboto,latin,title,layout,700,,[33.0],28,1,"[""slide:2""]"
011-iowa-standard.pptx,33,used,Roboto,latin,chart,master,,,[13.5],12,1,"[""ppt/charts/chart1.xml""]"
011-iowa-standard.pptx,33,used,Roboto,latin,footer,master,400,,[10.5],49,1,"[""slide:4""]"
011-iowa-standard.pptx,33,used,Roboto,latin,title,master,700,,[30.0],33,1,"[""slide:5""]"
011-iowa-standard.pptx,33,hint,Roboto,latin,chart,chart,400,False,[22.0],0,0,"[""ppt/charts/chart1.xml""]"
011-iowa-standard.pptx,33,hint,Roboto,latin,chart,chart,700,False,[11.97],0,0,"[""ppt/charts/chart1.xml""]"
011-iowa-standard.pptx,33,hint,Roboto,latin,chart,master,,,[13.5],0,0,"[""ppt/charts/chart1.xml""]"
011-iowa-standard.pptx,34,used,Roboto,latin,footer,master,400,,[10.5],42,1,"[""slide:5""]"
011-iowa-standard.pptx,34,used,Roboto,latin,title,master,700,,[30.0],33,1,"[""slide:2""]"
011-iowa-standard.pptx,34,hint,Roboto,latin,chart,chart,400,False,"[11.97, 18.62]",0,0,"[""ppt/charts/chart2.xml""]"
011-iowa-standard.pptx,34,hint,Roboto,latin,chart,master,,,[13.5],0,0,"[""ppt/charts/chart2.xml""]"
011-iowa-standard.pptx,35,used,Roboto,latin,footer,master,400,,[10.5],42,1,"[""slide:218""]"
011-iowa-standard.pptx,35,used,Roboto,latin,other,slide,700,,[4.0],669,99,"[""slide:314"", ""slide:315"", ""slide:316"", ""slide:317"", ""slide:318"", ""slide:319"", ""slide:320"", ""slide:321"", ""slide:322"", ""slide:323"", ""slide:324"", ""slide:325"", ""slide:326"", ""slide:327"", ""slide:328"", ""slide:329"", ""slide:330"", ""slide:331"", ""slide:332"", ""slide:333"", ""slide:334"", ""slide:335"", ""slide:336"", ""slide:337"", ""slide:338"", ""slide:339"", ""slide:340"", ""slide:341"", ""slide:342"", ""slide:343"", ""slide:344"", ""slide:345"", ""slide:346"", ""slide:347"", ""slide:348"", ""slide:349"", ""slide:350"", ""slide:351"", ""slide:352"", ""slide:353"", ""slide:354"", ""slide:355"", ""slide:356"", ""slide:357"", ""slide:358"", ""slide:359"", ""slide:360"", ""slide:361"", ""slide:362"", ""slide:363"", ""slide:364"", ""slide:365"", ""slide:366"", ""slide:367"", ""slide:368"", ""slide:369"", ""slide:370"", ""slide:371"", ""slide:372"", ""slide:373"", ""slide:374"", ""slide:375"", ""slide:376"", ""slide:377"", ""slide:378"", ""slide:379"", ""slide:380"", ""slide:381"", ""slide:382"", ""slide:383"", ""slide:384"", ""slide:385"", ""slide:386"", ""slide:387"", ""slide:388"", ""slide:389"", ""slide:390"", ""slide:391"", ""slide:392"", ""slide:393"", ""slide:394"", ""slide:395"", ""slide:396"", ""slide:397"", ""slide:398"", ""slide:399"", ""slide:400"", ""slide:401"", ""slide:402"", ""slide:403"", ""slide:404"", ""slide:405"", ""slide:406"", ""slide:407"", ""slide:408"", ""slide:409"", ""slide:410"", ""slide:411"", ""slide:412""]"
011-iowa-standard.pptx,35,used,Roboto,latin,title,layout,700,,[33.0],23,1,"[""slide:5""]"
011-iowa-standard.pptx,35,used,Times,latin,other,slide,,,[28.0],8,1,"[""slide:487""]"
011-iowa-standard.pptx,35,hint,Arial,latin,other,slide,700,,[9.0],0,0,"[""slide:315""]"
011-iowa-standard.pptx,35,hint,Roboto,latin,other,master,,,[13.5],0,0,"[""slide:418"", ""slide:419"", ""slide:424"", ""slide:431"", ""slide:439"", ""slide:441"", ""slide:442"", ""slide:444"", ""slide:446"", ""slide:449"", ""slide:454"", ""slide:455"", ""slide:456"", ""slide:457"", ""slide:459"", ""slide:461"", ""slide:462"", ""slide:463"", ""slide:464"", ""slide:473"", ""slide:476"", ""slide:480"", ""slide:482"", ""slide:486"", ""slide:491"", ""slide:495"", ""slide:497"", ""slide:498"", ""slide:499"", ""slide:500"", ""slide:502"", ""slide:503"", ""slide:505"", ""slide:506"", ""slide:508"", ""slide:511""]"
011-iowa-standard.pptx,35,hint,Roboto,latin,other,slide,700,,[9.0],0,0,"[""slide:345"", ""slide:373""]"
011-iowa-standard.pptx,35,hint,Times,latin,other,slide,,,[28.0],0,0,"[""slide:413"", ""slide:414"", ""slide:415"", ""slide:416"", ""slide:417"", ""slide:420"", ""slide:421"", ""slide:422"", ""slide:423"", ""slide:425"", ""slide:426"", ""slide:427"", ""slide:428"", ""slide:429"", ""slide:430"", ""slide:432"", ""slide:433"", ""slide:434"", ""slide:435"", ""slide:436"", ""slide:437"", ""slide:438"", ""slide:440"", ""slide:443"", ""slide:445"", ""slide:447"", ""slide:448"", ""slide:450"", ""slide:451"", ""slide:452"", ""slide:453"", ""slide:458"", ""slide:460"", ""slide:465"", ""slide:466"", ""slide:467"", ""slide:468"", ""slide:469"", ""slide:470"", ""slide:471"", ""slide:472"", ""slide:474"", ""slide:475"", ""slide:477"", ""slide:478"", ""slide:479"", ""slide:481"", ""slide:483"", ""slide:484"", ""slide:485"", ""slide:488"", ""slide:489"", ""slide:490"", ""slide:492"", ""slide:493"", ""slide:494"", ""slide:496"", ""slide:501"", ""slide:504"", ""slide:507"", ""slide:509"", ""slide:510""]"
011-iowa-standard.pptx,36,used,Roboto,latin,footer,master,400,,[10.5],42,1,"[""slide:364""]"
011-iowa-standard.pptx,36,used,Roboto,latin,title,layout,700,,[33.0],17,1,"[""slide:5""]"
011-iowa-standard.pptx,36,hint,Calibri,latin,other,slide,,,[13.5],0,0,"[""slide:100"", ""slide:101"", ""slide:104"", ""slide:105"", ""slide:106"", ""slide:107"", ""slide:108"", ""slide:109"", ""slide:110"", ""slide:111"", ""slide:59"", ""slide:60"", ""slide:61"", ""slide:62"", ""slide:63"", ""slide:64"", ""slide:65"", ""slide:66"", ""slide:67"", ""slide:68"", ""slide:69"", ""slide:70"", ""slide:71"", ""slide:72"", ""slide:73"", ""slide:74"", ""slide:75"", ""slide:76"", ""slide:77"", ""slide:78"", ""slide:79"", ""slide:80"", ""slide:81"", ""slide:82"", ""slide:83"", ""slide:84"", ""slide:85"", ""slide:86"", ""slide:87"", ""slide:88"", ""slide:89"", ""slide:90"", ""slide:91"", ""slide:92"", ""slide:93"", ""slide:94"", ""slide:95"", ""slide:96"", ""slide:97"", ""slide:98"", ""slide:99""]"
012-iowa-widescreen.pptx,1,used,Roboto,latin,body,layout,,,[24.0],12,1,"[""slide:13""]"
012-iowa-widescreen.pptx,1,used,Roboto,latin,footer,layout,400,,[22.0],49,1,"[""slide:5""]"
012-iowa-widescreen.pptx,1,used,Roboto,latin,subtitle,layout,700,,[24.0],21,1,"[""slide:12""]"
012-iowa-widescreen.pptx,1,used,Roboto,latin,title,layout,700,,[60.0],39,2,"[""slide:2""]"
012-iowa-widescreen.pptx,2,used,Roboto,latin,subtitle,layout,400,,[24.0],29,1,"[""slide:5""]"
012-iowa-widescreen.pptx,2,used,Roboto,latin,title,layout,700,,[60.0],13,1,"[""slide:4""]"
012-iowa-widescreen.pptx,3,used,Roboto,latin,body,layout,,,[24.0],14,1,"[""slide:4""]"
012-iowa-widescreen.pptx,3,used,Roboto,latin,footer,layout,400,,[22.0],49,1,"[""slide:5""]"
012-iowa-widescreen.pptx,3,used,Roboto,latin,subtitle,layout,700,,[24.0],33,1,"[""slide:3""]"
012-iowa-widescreen.pptx,3,used,Roboto,latin,title,layout,700,,[60.0],30,2,"[""slide:2""]"
012-iowa-widescreen.pptx,4,used,Roboto,latin,body,layout,,,[24.0],14,1,"[""slide:4""]"
012-iowa-widescreen.pptx,4,used,Roboto,latin,footer,layout,400,,[22.0],49,1,"[""slide:5""]"
012-iowa-widescreen.pptx,4,used,Roboto,latin,subtitle,layout,700,,[24.0],33,1,"[""slide:3""]"
012-iowa-widescreen.pptx,4,used,Roboto,latin,title,layout,700,,[60.0],31,2,"[""slide:2""]"
012-iowa-widescreen.pptx,5,used,Arial,latin,title,layout,700,,[55.0],27,1,"[""slide:3""]"
012-iowa-widescreen.pptx,5,used,Roboto,latin,body,master,,,[24.0],14,1,"[""slide:5""]"
012-iowa-widescreen.pptx,5,used,Roboto,latin,footer,layout,400,,[20.0],34,2,"[""slide:7""]"
012-iowa-widescreen.pptx,5,used,Roboto,latin,subtitle,master,700,,[24.0],33,1,"[""slide:4""]"
012-iowa-widescreen.pptx,6,used,Arial,latin,title,layout,700,,[55.0],28,1,"[""slide:3""]"
012-iowa-widescreen.pptx,6,used,Roboto,latin,body,master,,,[24.0],14,1,"[""slide:15""]"
012-iowa-widescreen.pptx,6,used,Roboto,latin,footer,layout,400,,[20.0],34,2,"[""slide:2""]"
012-iowa-widescreen.pptx,6,used,Roboto,latin,subtitle,master,700,,[24.0],33,1,"[""slide:13""]"
012-iowa-widescreen.pptx,7,used,Roboto,latin,subtitle,layout,400,,[24.0],26,1,"[""slide:3""]"
012-iowa-widescreen.pptx,7,used,Roboto,latin,title,layout,700,,[60.0],24,1,"[""slide:2""]"
012-iowa-widescreen.pptx,8,used,Roboto,latin,subtitle,layout,400,,[24.0],26,1,"[""slide:3""]"
012-iowa-widescreen.pptx,8,used,Roboto,latin,title,layout,700,,[60.0],25,1,"[""slide:2""]"
012-iowa-widescreen.pptx,9,used,Roboto,latin,title,master,700,,[40.0],14,1,"[""slide:4""]"
012-iowa-widescreen.pptx,10,used,Roboto,latin,body,layout,,,"[24.0, 28.0]",59,6,"[""slide:3""]"
012-iowa-widescreen.pptx,10,used,Roboto,latin,footer,master,400,,[14.0],42,1,"[""slide:5""]"
012-iowa-widescreen.pptx,10,used,Roboto,latin,title,layout,700,,[40.0],22,1,"[""slide:2""]"
012-iowa-widescreen.pptx,11,used,Roboto,latin,body,layout,,,"[24.0, 28.0]",59,6,"[""slide:3""]"
012-iowa-widescreen.pptx,11,used,Roboto,latin,footer,master,400,,[14.0],42,1,"[""slide:5""]"
012-iowa-widescreen.pptx,11,used,Roboto,latin,title,layout,700,,[40.0],72,1,"[""slide:2""]"
012-iowa-widescreen.pptx,11,hint,Roboto,latin,body,layout,,,[28.0],0,0,"[""slide:3""]"
012-iowa-widescreen.pptx,12,used,Roboto,latin,body,layout,,,"[24.0, 28.0]",59,6,"[""slide:5""]"
012-iowa-widescreen.pptx,12,used,Roboto,latin,footer,master,400,,[14.0],42,1,"[""slide:6""]"
012-iowa-widescreen.pptx,12,used,Roboto,latin,title,master,700,,[40.0],23,1,"[""slide:2""]"
012-iowa-widescreen.pptx,12,hint,Roboto,latin,body,layout,,,[28.0],0,0,"[""slide:5""]"
012-iowa-widescreen.pptx,13,used,Roboto,latin,body,layout,,,"[24.0, 28.0]",59,6,"[""slide:6""]"
012-iowa-widescreen.pptx,13,used,Roboto,latin,footer,master,400,,[14.0],42,1,"[""slide:8""]"
012-iowa-widescreen.pptx,13,used,Roboto,latin,title,layout,700,,[40.0],48,1,"[""slide:5""]"
012-iowa-widescreen.pptx,13,hint,Roboto,latin,body,layout,,,[28.0],0,0,"[""slide:6""]"
012-iowa-widescreen.pptx,14,used,Roboto,latin,body,layout,400,,[18.0],742,3,"[""slide:3"", ""slide:5""]"
012-iowa-widescreen.pptx,14,used,Roboto,latin,body,layout,700,,[24.0],58,2,"[""slide:2"", ""slide:4""]"
012-iowa-widescreen.pptx,14,used,Roboto,latin,footer,master,400,,[14.0],42,1,"[""slide:8""]"
012-iowa-widescreen.pptx,14,used,Roboto,latin,title,layout,700,,[40.0],17,1,"[""slide:7""]"
012-iowa-widescreen.pptx,14,hint,Roboto,latin,body,layout,400,,[18.0],0,0,"[""slide:3"", ""slide:5""]"
012-iowa-widescreen.pptx,15,used,Roboto,latin,body,layout,400,,[16.0],646,8,"[""slide:3"", ""slide:5"", ""slide:7""]"
012-iowa-widescreen.pptx,15,used,Roboto,latin,body,layout,700,,[24.0],68,3,"[""slide:2"", ""slide:4"", ""slide:6""]"
012-iowa-widescreen.pptx,15,used,Roboto,latin,footer,master,400,,[14.0],42,1,"[""slide:10""]"
012-iowa-widescreen.pptx,15,used,Roboto,latin,title,layout,700,,[40.0],35,1,"[""slide:9""]"
012-iowa-widescreen.pptx,15,hint,Roboto,latin,body,layout,400,,[16.0],0,0,"[""slide:3""]"
012-iowa-widescreen.pptx,16,used,Roboto,latin,body,layout,400,,[18.0],560,4,"[""slide:3"", ""slide:5"", ""slide:7"", ""slide:9""]"
012-iowa-widescreen.pptx,16,used,Roboto,latin,body,layout,700,,[24.0],91,4,"[""slide:2"", ""slide:4"", ""slide:6"", ""slide:8""]"
012-iowa-widescreen.pptx,16,used,Roboto,latin,footer,master,400,,[14.0],42,1,"[""slide:12""]"
012-iowa-widescreen.pptx,16,used,Roboto,latin,title,layout,700,,[40.0],33,1,"[""slide:11""]"
012-iowa-widescreen.pptx,17,used,Roboto,latin,body,layout,400,,[16.0],620,6,"[""slide:12"", ""slide:14"", ""slide:16"", ""slide:18"", ""slide:20"", ""slide:22""]"
012-iowa-widescreen.pptx,17,used,Roboto,latin,body,layout,700,,[24.0],136,6,"[""slide:11"", ""slide:13"", ""slide:15"", ""slide:17"", ""slide:19"", ""slide:21""]"
012-iowa-widescreen.pptx,17,used,Roboto,latin,footer,master,400,,[14.0],42,1,"[""slide:23""]"
012-iowa-widescreen.pptx,17,used,Roboto,latin,title,layout,700,,[40.0],36,1,"[""slide:10""]"
012-iowa-widescreen.pptx,17,hint,Roboto,latin,body,layout,400,,[16.0],0,0,"[""slide:12""]"
012-iowa-widescreen.pptx,18,used,Roboto,latin,body,layout,400,,[16.0],240,8,"[""slide:11"", ""slide:13"", ""slide:15"", ""slide:17"", ""slide:3"", ""slide:5"", ""slide:7"", ""slide:9""]"
012-iowa-widescreen.pptx,18,used,Roboto,latin,body,layout,700,,[24.0],184,8,"[""slide:10"", ""slide:12"", ""slide:14"", ""slide:16"", ""slide:2"", ""slide:4"", ""slide:6"", ""slide:8""]"
012-iowa-widescreen.pptx,18,used,Roboto,latin,footer,master,400,,[14.0],42,1,"[""slide:20""]"
012-iowa-widescreen.pptx,18,used,Roboto,latin,title,layout,700,,[40.0],36,1,"[""slide:19""]"
012-iowa-widescreen.pptx,19,used,Roboto,latin,body,layout,700,,[24.0],70,6,"[""slide:2"", ""slide:3"", ""slide:4""]"
012-iowa-widescreen.pptx,19,used,Roboto,latin,footer,master,700,,[14.0],42,1,"[""slide:10""]"
012-iowa-widescreen.pptx,19,used,Roboto,latin,title,layout,700,,[40.0],24,1,"[""slide:6""]"
012-iowa-widescreen.pptx,20,used,Roboto,latin,body,layout,700,,[24.0],91,8,"[""slide:2"", ""slide:3"", ""slide:4"", ""slide:5""]"
012-iowa-widescreen.pptx,20,used,Roboto,latin,footer,master,700,,[14.0],42,1,"[""slide:12""]"
012-iowa-widescreen.pptx,20,used,Roboto,latin,title,layout,700,,[40.0],23,1,"[""slide:7""]"
012-iowa-widescreen.pptx,20,hint,Roboto,latin,body,layout,700,,[24.0],0,0,"[""slide:2"", ""slide:3"", ""slide:4"", ""slide:5""]"
012-iowa-widescreen.pptx,21,used,Roboto,latin,body,layout,700,,[20.0],114,10,"[""slide:2"", ""slide:3"", ""slide:4"", ""slide:5"", ""slide:6""]"
012-iowa-widescreen.pptx,21,used,Roboto,latin,footer,master,700,,[14.0],42,1,"[""slide:14""]"
012-iowa-widescreen.pptx,21,used,Roboto,latin,title,layout,700,,[40.0],23,1,"[""slide:8""]"
012-iowa-widescreen.pptx,21,hint,Roboto,latin,body,layout,700,,[20.0],0,0,"[""slide:2"", ""slide:3"", ""slide:4"", ""slide:5"", ""slide:6""]"
012-iowa-widescreen.pptx,22,used,Roboto,latin,body,layout,400,,[18.0],374,3,"[""slide:3"", ""slide:5"", ""slide:7""]"
012-iowa-widescreen.pptx,22,used,Roboto,latin,body,layout,700,,[24.0],107,3,"[""slide:2"", ""slide:4"", ""slide:6""]"
012-iowa-widescreen.pptx,22,used,Roboto,latin,footer,master,400,,[14.0],42,1,"[""slide:13""]"
012-iowa-widescreen.pptx,22,used,Roboto,latin,title,layout,700,,[40.0],25,1,"[""slide:9""]"
012-iowa-widescreen.pptx,22,hint,Roboto,latin,body,layout,400,,[18.0],0,0,"[""slide:5""]"
012-iowa-widescreen.pptx,22,hint,Roboto,latin,body,layout,700,,[24.0],0,0,"[""slide:4"", ""slide:6""]"
012-iowa-widescreen.pptx,23,used,Roboto,latin,body,layout,400,,[18.0],248,4,"[""slide:10"", ""slide:4"", ""slide:6"", ""slide:8""]"
012-iowa-widescreen.pptx,23,used,Roboto,latin,body,layout,700,,[24.0],106,4,"[""slide:3"", ""slide:5"", ""slide:7"", ""slide:9""]"
012-iowa-widescreen.pptx,23,used,Roboto,latin,footer,master,400,,[14.0],42,1,"[""slide:16""]"
012-iowa-widescreen.pptx,23,used,Roboto,latin,title,layout,700,,[40.0],24,1,"[""slide:12""]"
012-iowa-widescreen.pptx,23,hint,Roboto,latin,body,layout,400,,[18.0],0,0,"[""slide:6""]"
012-iowa-widescreen.pptx,24,used,Roboto,latin,body,layout,400,,[16.0],310,5,"[""slide:11"", ""slide:3"", ""slide:5"", ""slide:7"", ""slide:9""]"
012-iowa-widescreen.pptx,24,used,Roboto,latin,body,layout,700,,[20.0],109,5,"[""slide:10"", ""slide:2"", ""slide:4"", ""slide:6"", ""slide:8""]"
012-iowa-widescreen.pptx,24,used,Roboto,latin,footer,master,400,,[14.0],42,1,"[""slide:19""]"
012-iowa-widescreen.pptx,24,used,Roboto,latin,title,layout,700,,[40.0],24,1,"[""slide:13""]"
012-iowa-widescreen.pptx,24,hint,Roboto,latin,body,layout,400,,[16.0],0,0,"[""slide:11"", ""slide:3"", ""slide:5"", ""slide:7"", ""slide:9""]"
012-iowa-widescreen.pptx,24,hint,Roboto,latin,body,layout,700,,[20.0],0,0,"[""slide:10"", ""slide:4""]"
012-iowa-widescreen.pptx,25,used,Roboto,latin,body,layout,700,,"[24.0, 55.0]",101,6,"[""slide:2"", ""slide:31"", ""slide:34"", ""slide:5"", ""slide:63"", ""slide:64""]"
012-iowa-widescreen.pptx,25,used,Roboto,latin,footer,master,700,,[14.0],42,1,"[""slide:4""]"
012-iowa-widescreen.pptx,25,used,Roboto,latin,title,layout,700,,[40.0],24,1,"[""slide:3""]"
012-iowa-widescreen.pptx,26,used,Roboto Black,latin,body,layout,,,[18.0],9,1,"[""slide:2""]"
012-iowa-widescreen.pptx,26,used,Roboto,latin,body,master,400,,[14.0],79,5,"[""slide:5""]"
012-iowa-widescreen.pptx,26,used,Roboto,latin,footer,master,400,,[18.0],49,1,"[""slide:4""]"
012-iowa-widescreen.pptx,26,used,Roboto,latin,title,layout,700,,[60.0],10,1,"[""slide:3""]"
012-iowa-widescreen.pptx,26,hint,Roboto,latin,body,master,400,,[14.0],0,0,"[""slide:5""]"
012-iowa-widescreen.pptx,27,used,Roboto Black,latin,body,layout,,,[18.0],9,1,"[""slide:7""]"
012-iowa-widescreen.pptx,27,used,Roboto,latin,body,master,400,,[14.0],79,5,"[""slide:10""]"
012-iowa-widescreen.pptx,27,used,Roboto,latin,footer,master,400,,[18.0],49,1,"[""slide:2""]"
012-iowa-widescreen.pptx,27,used,Roboto,latin,title,layout,700,,[60.0],9,1,"[""slide:8""]"
012-iowa-widescreen.pptx,27,hint,Roboto,latin,body,master,400,,[14.0],0,0,"[""slide:10""]"
012-iowa-widescreen.pptx,28,used,Roboto,latin,title,master,700,,[40.0],20,1,"[""slide:2""]"
012-iowa-widescreen.pptx,29,used,Roboto,latin,subtitle,layout,400,,[24.0],29,1,"[""slide:5""]"
012-iowa-widescreen.pptx,29,used,Roboto,latin,title,layout,700,,[60.0],23,1,"[""slide:4""]"
012-iowa-widescreen.pptx,30,used,Roboto,latin,body,layout,,,[20.0],200,11,"[""slide:4""]"
012-iowa-widescreen.pptx,30,used,Roboto,latin,footer,master,400,,[14.0],49,1,"[""slide:5""]"
012-iowa-widescreen.pptx,30,used,Roboto,latin,title,layout,700,,[40.0],11,1,"[""slide:2""]"
012-iowa-widescreen.pptx,31,used,Roboto,latin,body,layout,,,[28.0],174,3,"[""slide:4""]"
012-iowa-widescreen.pptx,31,used,Roboto,latin,footer,master,400,,[14.0],49,1,"[""slide:5""]"
012-iowa-widescreen.pptx,31,used,Roboto,latin,title,master,700,,[40.0],11,1,"[""slide:2""]"
012-iowa-widescreen.pptx,32,used,Roboto,latin,subtitle,layout,400,,[24.0],29,1,"[""slide:3""]"
012-iowa-widescreen.pptx,32,used,Roboto,latin,title,layout,700,,[60.0],30,1,"[""slide:2""]"
012-iowa-widescreen.pptx,33,used,Roboto,latin,footer,master,400,,[14.0],42,1,"[""slide:53""]"
012-iowa-widescreen.pptx,33,used,Roboto,latin,title,layout,700,,[40.0],20,1,"[""slide:2""]"
012-iowa-widescreen.pptx,34,used,Roboto,latin,footer,master,400,,[14.0],42,1,"[""slide:53""]"
012-iowa-widescreen.pptx,34,used,Roboto,latin,title,layout,700,,[40.0],28,1,"[""slide:2""]"
012-iowa-widescreen.pptx,35,used,Roboto,latin,chart,master,,,[18.0],12,1,"[""ppt/charts/chart1.xml""]"
012-iowa-widescreen.pptx,35,used,Roboto,latin,footer,master,400,,[14.0],49,1,"[""slide:4""]"
012-iowa-widescreen.pptx,35,used,Roboto,latin,title,master,700,,[40.0],33,1,"[""slide:5""]"
012-iowa-widescreen.pptx,35,hint,Roboto,latin,chart,chart,400,False,[22.0],0,0,"[""ppt/charts/chart1.xml""]"
012-iowa-widescreen.pptx,35,hint,Roboto,latin,chart,chart,700,False,[11.97],0,0,"[""ppt/charts/chart1.xml""]"
012-iowa-widescreen.pptx,35,hint,Roboto,latin,chart,master,,,[18.0],0,0,"[""ppt/charts/chart1.xml""]"
012-iowa-widescreen.pptx,36,used,Roboto,latin,footer,master,400,,[14.0],42,1,"[""slide:5""]"
012-iowa-widescreen.pptx,36,used,Roboto,latin,title,master,700,,[40.0],33,1,"[""slide:2""]"
012-iowa-widescreen.pptx,36,hint,Roboto,latin,chart,chart,400,False,"[11.97, 18.62]",0,0,"[""ppt/charts/chart2.xml""]"
012-iowa-widescreen.pptx,36,hint,Roboto,latin,chart,master,,,[18.0],0,0,"[""ppt/charts/chart2.xml""]"
012-iowa-widescreen.pptx,37,used,Roboto,latin,footer,master,400,,[14.0],42,1,"[""slide:218""]"
012-iowa-widescreen.pptx,37,used,Roboto,latin,other,slide,700,,[4.0],669,99,"[""slide:199"", ""slide:208"", ""slide:209"", ""slide:210"", ""slide:211"", ""slide:212"", ""slide:213"", ""slide:214"", ""slide:215"", ""slide:216"", ""slide:217"", ""slide:219"", ""slide:220"", ""slide:221"", ""slide:222"", ""slide:223"", ""slide:224"", ""slide:225"", ""slide:226"", ""slide:227"", ""slide:228"", ""slide:229"", ""slide:230"", ""slide:231"", ""slide:232"", ""slide:233"", ""slide:234"", ""slide:235"", ""slide:236"", ""slide:237"", ""slide:238"", ""slide:239"", ""slide:240"", ""slide:241"", ""slide:242"", ""slide:243"", ""slide:244"", ""slide:245"", ""slide:246"", ""slide:247"", ""slide:248"", ""slide:249"", ""slide:250"", ""slide:251"", ""slide:252"", ""slide:253"", ""slide:254"", ""slide:255"", ""slide:256"", ""slide:257"", ""slide:258"", ""slide:259"", ""slide:260"", ""slide:261"", ""slide:262"", ""slide:263"", ""slide:264"", ""slide:265"", ""slide:266"", ""slide:267"", ""slide:268"", ""slide:269"", ""slide:270"", ""slide:271"", ""slide:272"", ""slide:273"", ""slide:274"", ""slide:275"", ""slide:276"", ""slide:277"", ""slide:278"", ""slide:279"", ""slide:280"", ""slide:281"", ""slide:282"", ""slide:283"", ""slide:284"", ""slide:285"", ""slide:286"", ""slide:287"", ""slide:288"", ""slide:289"", ""slide:290"", ""slide:291"", ""slide:292"", ""slide:293"", ""slide:294"", ""slide:295"", ""slide:296"", ""slide:297"", ""slide:298"", ""slide:299"", ""slide:300"", ""slide:301"", ""slide:302"", ""slide:303"", ""slide:304"", ""slide:305"", ""slide:310""]"
012-iowa-widescreen.pptx,37,used,Roboto,latin,title,layout,700,,[40.0],23,1,"[""slide:5""]"
012-iowa-widescreen.pptx,37,used,Times,latin,other,slide,,,[28.0],8,1,"[""slide:182""]"
012-iowa-widescreen.pptx,37,hint,Arial,latin,other,slide,700,,[9.0],0,0,"[""slide:199""]"
012-iowa-widescreen.pptx,37,hint,Roboto,latin,other,master,,,[18.0],0,0,"[""slide:113"", ""slide:114"", ""slide:119"", ""slide:126"", ""slide:134"", ""slide:136"", ""slide:137"", ""slide:139"", ""slide:141"", ""slide:144"", ""slide:149"", ""slide:150"", ""slide:151"", ""slide:152"", ""slide:154"", ""slide:156"", ""slide:157"", ""slide:158"", ""slide:159"", ""slide:168"", ""slide:171"", ""slide:175"", ""slide:177"", ""slide:181"", ""slide:186"", ""slide:190"", ""slide:192"", ""slide:193"", ""slide:194"", ""slide:195"", ""slide:197"", ""slide:198"", ""slide:201"", ""slide:202"", ""slide:204"", ""slide:207""]"
012-iowa-widescreen.pptx,37,hint,Roboto,latin,other,slide,700,,[9.0],0,0,"[""slide:238"", ""slide:266""]"
012-iowa-widescreen.pptx,37,hint,Times,latin,other,slide,,,[28.0],0,0,"[""slide:108"", ""slide:109"", ""slide:110"", ""slide:111"", ""slide:112"", ""slide:115"", ""slide:116"", ""slide:117"", ""slide:118"", ""slide:120"", ""slide:121"", ""slide:122"", ""slide:123"", ""slide:124"", ""slide:125"", ""slide:127"", ""slide:128"", ""slide:129"", ""slide:130"", ""slide:131"", ""slide:132"", ""slide:133"", ""slide:135"", ""slide:138"", ""slide:140"", ""slide:142"", ""slide:143"", ""slide:145"", ""slide:146"", ""slide:147"", ""slide:148"", ""slide:153"", ""slide:155"", ""slide:160"", ""slide:161"", ""slide:162"", ""slide:163"", ""slide:164"", ""slide:165"", ""slide:166"", ""slide:167"", ""slide:169"", ""slide:170"", ""slide:172"", ""slide:173"", ""slide:174"", ""slide:176"", ""slide:178"", ""slide:179"", ""slide:180"", ""slide:183"", ""slide:184"", ""slide:185"", ""slide:187"", ""slide:188"", ""slide:189"", ""slide:191"", ""slide:196"", ""slide:200"", ""slide:203"", ""slide:205"", ""slide:206""]"
012-iowa-widescreen.pptx,38,used,Roboto,latin,footer,master,400,,[14.0],42,1,"[""slide:364""]"
012-iowa-widescreen.pptx,38,used,Roboto,latin,title,layout,700,,[40.0],17,1,"[""slide:5""]"
012-iowa-widescreen.pptx,38,hint,Calibri,latin,other,slide,,,[18.0],0,0,"[""slide:307"", ""slide:312"", ""slide:313"", ""slide:314"", ""slide:315"", ""slide:316"", ""slide:317"", ""slide:318"", ""slide:319"", ""slide:320"", ""slide:321"", ""slide:322"", ""slide:323"", ""slide:324"", ""slide:325"", ""slide:326"", ""slide:327"", ""slide:328"", ""slide:329"", ""slide:330"", ""slide:331"", ""slide:332"", ""slide:333"", ""slide:334"", ""slide:335"", ""slide:336"", ""slide:337"", ""slide:338"", ""slide:339"", ""slide:340"", ""slide:341"", ""slide:342"", ""slide:343"", ""slide:344"", ""slide:345"", ""slide:346"", ""slide:347"", ""slide:348"", ""slide:349"", ""slide:350"", ""slide:351"", ""slide:352"", ""slide:353"", ""slide:356"", ""slide:357"", ""slide:358"", ""slide:359"", ""slide:360"", ""slide:361"", ""slide:362"", ""slide:363""]"
013-uw-seattle-b.pptx,1,used,Encode Sans Normal Black,latin,title,layout,700,False,[65.0],25,1,"[""slide:2""]"
013-uw-seattle-b.pptx,1,hint,Open Sans,latin,other,master,,,[32.0],0,0,"[""slide:4""]"
013-uw-seattle-b.pptx,2,used,Encode Sans Normal Black,latin,title,layout,700,False,[28.0],5,1,"[""slide:7""]"
013-uw-seattle-b.pptx,2,used,Open Sans,latin,body,layout,400,False,[18.0],199,5,"[""slide:3""]"
013-uw-seattle-b.pptx,2,used,Uni Sans Regular,latin,body,layout,400,False,[20.0],76,1,"[""slide:10""]"
013-uw-seattle-b.pptx,2,hint,Open Sans,latin,body,layout,400,False,[18.0],0,0,"[""slide:3""]"
013-uw-seattle-b.pptx,2,hint,Open Sans,latin,other,master,,,[32.0],0,0,"[""slide:2""]"
013-uw-seattle-b.pptx,3,used,Encode Sans Normal Black,latin,title,layout,700,False,[28.0],21,1,"[""slide:7""]"
013-uw-seattle-b.pptx,3,used,Open Sans,latin,body,layout,400,False,[18.0],253,3,"[""slide:3""]"
013-uw-seattle-b.pptx,3,hint,Open Sans,latin,other,master,,,[32.0],0,0,"[""slide:2""]"
013-uw-seattle-b.pptx,4,used,Encode Sans Normal Black,latin,title,layout,700,False,[28.0],18,1,"[""slide:10""]"
013-uw-seattle-b.pptx,4,used,Open Sans,latin,body,layout,400,False,[18.0],400,1,"[""slide:3""]"
013-uw-seattle-b.pptx,4,used,Uni Sans Regular,latin,body,layout,400,False,[20.0],15,1,"[""slide:4""]"
013-uw-seattle-b.pptx,4,hint,Open Sans,latin,body,layout,400,False,[18.0],0,0,"[""slide:3""]"
013-uw-seattle-b.pptx,4,hint,Open Sans,latin,other,master,,,[32.0],0,0,"[""slide:2""]"
013-uw-seattle-b.pptx,5,used,Encode Sans Normal Black,latin,title,layout,700,False,[28.0],29,1,"[""slide:2""]"
013-uw-seattle-b.pptx,5,hint,Open Sans,latin,body,layout,400,False,[14.0],0,0,"[""slide:3"", ""slide:5""]"
013-uw-seattle-b.pptx,5,hint,Open Sans,latin,body,master,,,[18.0],0,0,"[""slide:4"", ""slide:6""]"
014-uwb-solid.pptx,1,used,Encode Sans Normal Black,latin,title,layout,700,False,[50.0],25,1,"[""slide:2""]"
014-uwb-solid.pptx,2,used,Encode Sans Normal Black,latin,title,layout,700,False,[30.0],5,1,"[""slide:4""]"
014-uwb-solid.pptx,2,used,Open Sans,latin,body,layout,700,False,[20.0],199,9,"[""slide:3""]"
014-uwb-solid.pptx,2,used,Uni Sans,latin,body,layout,400,False,[20.0],57,1,"[""slide:7""]"
014-uwb-solid.pptx,3,used,Encode Sans Normal Black,latin,title,layout,700,False,[30.0],21,1,"[""slide:2""]"
014-uwb-solid.pptx,3,used,Open Sans,latin,body,layout,700,False,[20.0],252,3,"[""slide:6""]"
014-uwb-solid.pptx,3,hint,Open Sans,latin,body,layout,700,False,[20.0],0,0,"[""slide:6""]"
014-uwb-solid.pptx,4,used,Encode Sans Normal Black,latin,title,layout,700,False,[30.0],18,2,"[""slide:2""]"
014-uwb-solid.pptx,4,used,Open Sans,latin,body,layout,700,False,[20.0],400,3,"[""slide:8""]"
014-uwb-solid.pptx,4,used,Uni Sans,latin,body,layout,400,False,[24.0],15,1,"[""slide:9""]"
014-uwb-solid.pptx,4,hint,Open Sans,latin,body,layout,700,False,[20.0],0,0,"[""slide:8""]"
015-uwb-gradient.pptx,1,used,Encode Sans Normal Black,latin,title,layout,700,False,[44.0],25,2,"[""slide:2""]"
015-uwb-gradient.pptx,2,used,Encode Sans Normal Black,latin,title,layout,700,False,[30.0],5,1,"[""slide:5""]"
015-uwb-gradient.pptx,2,used,Open Sans,latin,body,layout,700,False,[20.0],199,9,"[""slide:3""]"
015-uwb-gradient.pptx,2,used,Uni Sans,latin,body,layout,400,False,[24.0],51,1,"[""slide:4""]"
015-uwb-gradient.pptx,3,used,Encode Sans Normal Black,latin,title,layout,700,False,[30.0],21,1,"[""slide:4""]"
015-uwb-gradient.pptx,3,used,Open Sans,latin,body,layout,700,False,[20.0],239,3,"[""slide:3""]"
015-uwb-gradient.pptx,3,hint,Open Sans,latin,body,layout,700,False,[20.0],0,0,"[""slide:3""]"
015-uwb-gradient.pptx,4,used,Encode Sans Normal Black,latin,title,layout,700,False,[30.0],17,2,"[""slide:5""]"
015-uwb-gradient.pptx,4,used,Open Sans,latin,body,layout,700,False,[20.0],400,3,"[""slide:3""]"
015-uwb-gradient.pptx,4,used,Uni Sans,latin,body,layout,400,False,[24.0],15,1,"[""slide:4""]"
015-uwb-gradient.pptx,4,hint,Open Sans,latin,body,layout,700,False,[20.0],0,0,"[""slide:3""]"
016-uwb-angle.pptx,1,used,Encode Sans Normal Black,latin,title,layout,700,False,[50.0],24,3,"[""slide:2""]"
016-uwb-angle.pptx,2,used,Encode Sans Normal Black,latin,title,layout,700,False,[30.0],5,1,"[""slide:4""]"
016-uwb-angle.pptx,2,used,Open Sans,latin,body,layout,700,False,[20.0],199,9,"[""slide:3""]"
016-uwb-angle.pptx,2,used,Uni Sans,latin,body,layout,400,False,[20.0],57,1,"[""slide:7""]"
016-uwb-angle.pptx,3,used,Encode Sans Normal Black,latin,title,layout,700,False,[30.0],21,1,"[""slide:2""]"
016-uwb-angle.pptx,3,used,Open Sans,latin,body,layout,700,False,[20.0],242,3,"[""slide:6""]"
016-uwb-angle.pptx,3,hint,Open Sans,latin,body,layout,700,False,[20.0],0,0,"[""slide:6""]"
016-uwb-angle.pptx,4,used,Encode Sans Normal Black,latin,title,layout,700,False,[30.0],17,2,"[""slide:2""]"
016-uwb-angle.pptx,4,used,Open Sans,latin,body,layout,700,False,[20.0],400,3,"[""slide:8""]"
016-uwb-angle.pptx,4,used,Uni Sans,latin,body,layout,400,False,[24.0],15,1,"[""slide:9""]"
016-uwb-angle.pptx,4,hint,Open Sans,latin,body,layout,700,False,[20.0],0,0,"[""slide:8""]"
017-uwb-business.pptx,1,used,Encode Sans Normal Black,latin,title,layout,700,False,[44.0],25,2,"[""slide:2""]"
017-uwb-business.pptx,2,used,Encode Sans Normal Black,latin,title,layout,700,False,[30.0],5,1,"[""slide:5""]"
017-uwb-business.pptx,2,used,Open Sans,latin,body,layout,700,False,[20.0],199,9,"[""slide:3""]"
017-uwb-business.pptx,2,used,Uni Sans Regular,latin,body,layout,400,False,[24.0],51,1,"[""slide:4""]"
017-uwb-business.pptx,3,used,Encode Sans Normal Black,latin,title,layout,700,False,[30.0],21,1,"[""slide:4""]"
017-uwb-business.pptx,3,used,Open Sans,latin,body,layout,700,False,[20.0],239,3,"[""slide:3""]"
017-uwb-business.pptx,3,hint,Open Sans,latin,body,layout,700,False,[20.0],0,0,"[""slide:3""]"
017-uwb-business.pptx,4,used,Encode Sans Normal Black,latin,title,layout,700,False,[30.0],17,2,"[""slide:5""]"
017-uwb-business.pptx,4,used,Open Sans,latin,body,layout,700,False,[20.0],400,3,"[""slide:3""]"
017-uwb-business.pptx,4,used,Uni Sans Regular,latin,body,layout,400,False,[24.0],15,1,"[""slide:4""]"
017-uwb-business.pptx,4,hint,Open Sans,latin,body,layout,700,False,[20.0],0,0,"[""slide:3""]"
018-uwb-education.pptx,1,used,Encode Sans Normal Black,latin,title,layout,700,False,[44.0],25,2,"[""slide:2""]"
018-uwb-education.pptx,2,used,Encode Sans Normal Black,latin,title,layout,700,False,[30.0],5,1,"[""slide:5""]"
018-uwb-education.pptx,2,used,Open Sans,latin,body,layout,700,False,[20.0],199,9,"[""slide:3""]"
018-uwb-education.pptx,2,used,Uni Sans Regular,latin,body,layout,400,False,[24.0],51,1,"[""slide:4""]"
018-uwb-education.pptx,3,used,Encode Sans Normal Black,latin,title,layout,700,False,[30.0],21,1,"[""slide:4""]"
018-uwb-education.pptx,3,used,Open Sans,latin,body,layout,700,False,[20.0],239,3,"[""slide:3""]"
018-uwb-education.pptx,3,hint,Open Sans,latin,body,layout,700,False,[20.0],0,0,"[""slide:3""]"
018-uwb-education.pptx,4,used,Encode Sans Normal Black,latin,title,layout,700,False,[30.0],17,2,"[""slide:5""]"
018-uwb-education.pptx,4,used,Open Sans,latin,body,layout,700,False,[20.0],400,3,"[""slide:3""]"
018-uwb-education.pptx,4,used,Uni Sans Regular,latin,body,layout,400,False,[24.0],15,1,"[""slide:4""]"
018-uwb-education.pptx,4,hint,Open Sans,latin,body,layout,700,False,[20.0],0,0,"[""slide:3""]"
019-uwb-stem.pptx,1,used,Encode Sans Normal Black,latin,title,layout,700,False,[44.0],25,2,"[""slide:2""]"
019-uwb-stem.pptx,2,used,Encode Sans Normal Black,latin,title,layout,700,False,[30.0],5,1,"[""slide:5""]"
019-uwb-stem.pptx,2,used,Open Sans,latin,body,layout,700,False,[20.0],199,9,"[""slide:3""]"
019-uwb-stem.pptx,2,used,Uni Sans Regular,latin,body,layout,400,False,[24.0],51,1,"[""slide:4""]"
019-uwb-stem.pptx,3,used,Encode Sans Normal Black,latin,title,layout,700,False,[30.0],21,1,"[""slide:4""]"
019-uwb-stem.pptx,3,used,Open Sans,latin,body,layout,700,False,[20.0],239,3,"[""slide:3""]"
019-uwb-stem.pptx,3,hint,Open Sans,latin,body,layout,700,False,[20.0],0,0,"[""slide:3""]"
019-uwb-stem.pptx,4,used,Encode Sans Normal Black,latin,title,layout,700,False,[30.0],17,2,"[""slide:5""]"
019-uwb-stem.pptx,4,used,Open Sans,latin,body,layout,700,False,[20.0],400,3,"[""slide:3""]"
019-uwb-stem.pptx,4,used,Uni Sans Regular,latin,body,layout,400,False,[24.0],15,1,"[""slide:4""]"
019-uwb-stem.pptx,4,hint,Open Sans,latin,body,layout,700,False,[20.0],0,0,"[""slide:3""]"
020-uw-seattle-c.pptx,1,used,Encode Sans Normal Black,latin,title,layout,700,False,[50.0],25,1,"[""slide:2""]"
020-uw-seattle-c.pptx,2,used,Encode Sans Normal Black,latin,title,layout,700,False,[30.0],5,1,"[""slide:4""]"
020-uw-seattle-c.pptx,2,used,Open Sans,latin,body,layout,700,False,[20.0],199,9,"[""slide:3""]"
020-uw-seattle-c.pptx,2,used,Uni Sans Regular,latin,body,layout,400,False,[20.0],57,1,"[""slide:7""]"
020-uw-seattle-c.pptx,3,used,Encode Sans Normal Black,latin,title,layout,700,False,[30.0],21,1,"[""slide:2""]"
020-uw-seattle-c.pptx,3,used,Open Sans,latin,body,layout,700,False,[20.0],252,3,"[""slide:6""]"
020-uw-seattle-c.pptx,3,hint,Open Sans,latin,body,layout,700,False,[20.0],0,0,"[""slide:6""]"
020-uw-seattle-c.pptx,4,used,Encode Sans Normal Black,latin,title,layout,700,False,[30.0],18,2,"[""slide:2""]"
020-uw-seattle-c.pptx,4,used,Open Sans,latin,body,layout,700,False,[20.0],400,3,"[""slide:8""]"
020-uw-seattle-c.pptx,4,used,Uni Sans Regular,latin,body,layout,400,False,[24.0],15,1,"[""slide:9""]"
020-uw-seattle-c.pptx,4,hint,Open Sans,latin,body,layout,700,False,[20.0],0,0,"[""slide:8""]"
021-uw-seattle-d.pptx,1,used,Encode Sans Normal Black,latin,title,layout,700,False,[50.0],24,3,"[""slide:2""]"
021-uw-seattle-d.pptx,2,used,Encode Sans Normal Black,latin,title,layout,700,False,[30.0],5,1,"[""slide:4""]"
021-uw-seattle-d.pptx,2,used,Open Sans,latin,body,layout,700,False,[20.0],199,9,"[""slide:3""]"
021-uw-seattle-d.pptx,2,used,Uni Sans Regular,latin,body,layout,400,False,[20.0],57,1,"[""slide:7""]"
021-uw-seattle-d.pptx,3,used,Encode Sans Normal Black,latin,title,layout,700,False,[30.0],21,1,"[""slide:2""]"
021-uw-seattle-d.pptx,3,used,Open Sans,latin,body,layout,700,False,[20.0],242,3,"[""slide:6""]"
021-uw-seattle-d.pptx,3,hint,Open Sans,latin,body,layout,700,False,[20.0],0,0,"[""slide:6""]"
021-uw-seattle-d.pptx,4,used,Encode Sans Normal Black,latin,title,layout,700,False,[30.0],17,2,"[""slide:2""]"
021-uw-seattle-d.pptx,4,used,Open Sans,latin,body,layout,700,False,[20.0],400,3,"[""slide:8""]"
021-uw-seattle-d.pptx,4,used,Uni Sans Regular,latin,body,layout,400,False,[24.0],15,1,"[""slide:9""]"
021-uw-seattle-d.pptx,4,hint,Open Sans,latin,body,layout,700,False,[20.0],0,0,"[""slide:8""]"
022-belmont-hope.pptx,2,used,Arial Narrow,latin,subtitle,layout,700,False,[24.0],16,1,"[""slide:3""]"
022-belmont-hope.pptx,2,used,Georgia,latin,title,master,400,False,[80.0],11,1,"[""slide:2""]"
022-belmont-hope.pptx,3,used,Arial Narrow,latin,subtitle,layout,700,False,[24.0],10,1,"[""slide:3""]"
022-belmont-hope.pptx,3,used,Georgia,latin,title,master,400,False,[80.0],11,1,"[""slide:2""]"
022-belmont-hope.pptx,4,used,Arial,latin,body,master,700,False,[16.0],20,1,"[""slide:4""]"
022-belmont-hope.pptx,4,used,Georgia,latin,title,master,400,False,[32.0],21,1,"[""slide:2""]"
022-belmont-hope.pptx,6,used,Miller Text,latin,title,layout,400,False,[36.0],18,1,"[""slide:2""]"
022-belmont-hope.pptx,7,used,Arial,latin,body,master,700,False,[28.0],29,1,"[""slide:3""]"
022-belmont-hope.pptx,7,used,Georgia,latin,title,master,400,False,[54.0],33,1,"[""slide:2""]"
022-belmont-hope.pptx,8,used,Arial,latin,body,master,700,False,[28.0],20,1,"[""slide:3""]"
022-belmont-hope.pptx,8,used,Georgia,latin,title,master,400,False,[54.0],29,1,"[""slide:2""]"
022-belmont-hope.pptx,8,hint,Garamond,latin,chart,master,,,[18.0],0,0,"[""ppt/charts/chart1.xml""]"
022-belmont-hope.pptx,8,hint,Gotham Narrow Medium,latin,chart,chart,400,False,"[11.97, 18.62]",0,0,"[""ppt/charts/chart1.xml""]"
022-belmont-hope.pptx,9,used,Arial,latin,body,master,700,False,[28.0],20,1,"[""slide:3""]"
022-belmont-hope.pptx,9,used,Georgia,latin,title,master,400,False,[54.0],29,1,"[""slide:2""]"
022-belmont-hope.pptx,9,hint,Garamond,latin,chart,chart,400,False,[11.97],0,0,"[""ppt/charts/chart2.xml""]"
022-belmont-hope.pptx,9,hint,Garamond,latin,chart,master,,,[18.0],0,0,"[""ppt/charts/chart2.xml""]"
022-belmont-hope.pptx,9,hint,Gotham Narrow Medium,latin,chart,chart,400,False,"[11.97, 18.62]",0,0,"[""ppt/charts/chart2.xml""]"
023-bastyr-formal.pptx,1,used,Palatino Linotype,latin,other,slide,700,,[48.0],13,1,"[""slide:19""]"
023-bastyr-formal.pptx,1,used,Segoe UI,latin,other,slide,700,,[10.0],1,1,"[""slide:15""]"
023-bastyr-formal.pptx,1,used,Segoe UI,latin,other,slide,,,[10.0],32,3,"[""slide:15""]"
023-bastyr-formal.pptx,1,hint,Calibri,latin,other,master,,,[18.0],0,0,"[""slide:16"", ""slide:18""]"
023-bastyr-formal.pptx,2,used,Palatino Linotype,latin,other,slide,700,,[48.0],13,1,"[""slide:20""]"
023-bastyr-formal.pptx,2,used,Segoe UI,latin,other,slide,700,,[10.0],1,1,"[""slide:16""]"
023-bastyr-formal.pptx,2,used,Segoe UI,latin,other,slide,,,[10.0],32,3,"[""slide:16""]"
023-bastyr-formal.pptx,2,hint,Calibri,latin,other,master,,,[18.0],0,0,"[""slide:18"", ""slide:19""]"
023-bastyr-formal.pptx,3,used,Palatino Linotype,latin,other,slide,700,,[48.0],13,1,"[""slide:20""]"
023-bastyr-formal.pptx,3,used,Segoe UI,latin,other,slide,700,,[10.0],1,1,"[""slide:7""]"
023-bastyr-formal.pptx,3,used,Segoe UI,latin,other,slide,,,[10.0],32,3,"[""slide:7""]"
023-bastyr-formal.pptx,3,hint,Calibri,latin,other,master,,,[18.0],0,0,"[""slide:18"", ""slide:19""]"
023-bastyr-formal.pptx,4,used,Palatino Linotype,latin,other,slide,700,,[54.0],23,2,"[""slide:24""]"
023-bastyr-formal.pptx,4,used,Segoe UI,latin,other,slide,,,"[10.0, 14.0, 24.0]",60,5,"[""slide:16"", ""slide:26"", ""slide:27""]"
023-bastyr-formal.pptx,4,hint,Calibri,latin,other,master,,,[18.0],0,0,"[""slide:15"", ""slide:23""]"
023-bastyr-formal.pptx,5,used,Palatino Linotype,latin,other,slide,700,,"[16.0, 40.0]",28,5,"[""slide:22"", ""slide:24"", ""slide:26"", ""slide:28"", ""slide:38""]"
023-bastyr-formal.pptx,5,used,Segoe UI,latin,other,slide,700,,"[10.0, 20.0]",37,5,"[""slide:20"", ""slide:25"", ""slide:27"", ""slide:29"", ""slide:31""]"
023-bastyr-formal.pptx,5,used,Segoe UI,latin,other,slide,,,[10.0],32,3,"[""slide:31""]"
023-bastyr-formal.pptx,5,hint,Calibri,latin,other,master,,,[18.0],0,0,"[""slide:37""]"
023-bastyr-formal.pptx,6,used,Palatino Linotype,latin,other,slide,700,,[40.0],5,1,"[""slide:12""]"
023-bastyr-formal.pptx,6,used,Segoe UI,latin,other,slide,700,,"[10.0, 18.0]",9,2,"[""slide:24"", ""slide:25""]"
023-bastyr-formal.pptx,6,used,Segoe UI,latin,other,slide,,,"[10.0, 18.0]",237,4,"[""slide:13"", ""slide:24""]"
023-bastyr-formal.pptx,7,used,Palatino Linotype,latin,other,slide,700,,[48.0],5,1,"[""slide:11""]"
023-bastyr-formal.pptx,7,used,Segoe UI,latin,other,slide,700,,"[10.0, 40.0]",5,2,"[""slide:16"", ""slide:19""]"
023-bastyr-formal.pptx,7,used,Segoe UI,latin,other,slide,,,"[10.0, 18.0]",237,4,"[""slide:16"", ""slide:21""]"
023-bastyr-formal.pptx,7,hint,Calibri,latin,chart,master,,,[18.0],0,0,"[""ppt/charts/chart1.xml""]"
023-bastyr-formal.pptx,7,hint,Calibri,latin,other,master,,,[18.0],0,0,"[""slide:13"", ""slide:14""]"
023-bastyr-formal.pptx,7,hint,Libre Baskerville,latin,other,slide,,,[18.0],0,0,"[""slide:21""]"
023-bastyr-formal.pptx,7,hint,Segoe UI Symbol,latin,chart,chart,400,False,"[11.0, 14.0]",0,0,"[""ppt/charts/chart1.xml""]"
023-bastyr-formal.pptx,8,used,Palatino Linotype,latin,other,slide,700,,[48.0],5,1,"[""slide:14""]"
023-bastyr-formal.pptx,8,used,Segoe UI,latin,other,slide,700,,[10.0],1,1,"[""slide:12""]"
023-bastyr-formal.pptx,8,used,Segoe UI,latin,other,slide,,,"[10.0, 18.0]",116,8,"[""slide:12"", ""slide:21""]"
023-bastyr-formal.pptx,9,used,Libre Baskerville,latin,other,slide,700,,[12.0],5,1,"[""slide:14""]"
023-bastyr-formal.pptx,9,used,Palatino Linotype,latin,other,slide,700,,[48.0],5,1,"[""slide:19""]"
023-bastyr-formal.pptx,9,used,Segoe UI,latin,other,slide,700,,[10.0],1,1,"[""slide:16""]"
023-bastyr-formal.pptx,9,used,Segoe UI,latin,other,slide,,,"[10.0, 18.0]",442,6,"[""slide:16"", ""slide:20""]"
023-bastyr-formal.pptx,9,hint,Segoe UI,latin,other,slide,,,[18.0],0,0,"[""slide:20""]"
023-bastyr-formal.pptx,10,used,Palatino Linotype,latin,other,slide,700,,"[18.0, 48.0]",53,5,"[""slide:26"", ""slide:31"", ""slide:33"", ""slide:36"", ""slide:39""]"
023-bastyr-formal.pptx,10,used,Segoe UI,latin,other,slide,700,,[10.0],2,1,"[""slide:23""]"
023-bastyr-formal.pptx,10,used,Segoe UI,latin,other,slide,,,"[10.0, 16.0, 18.0]",698,58,"[""slide:23"", ""slide:32"", ""slide:34"", ""slide:37"", ""slide:40"", ""slide:41""]"
023-bastyr-formal.pptx,10,hint,Calibri,latin,other,master,,,[18.0],0,0,"[""slide:29"", ""slide:30"", ""slide:35"", ""slide:38""]"
023-bastyr-formal.pptx,10,hint,Segoe UI,latin,other,slide,,,[18.0],0,0,"[""slide:41""]"
023-bastyr-formal.pptx,11,used,Palatino Linotype,latin,other,slide,700,,"[18.0, 48.0]",65,5,"[""slide:32"", ""slide:50"", ""slide:56"", ""slide:57"", ""slide:58""]"
023-bastyr-formal.pptx,11,used,Segoe UI,latin,other,slide,700,,[10.0],2,1,"[""slide:41""]"
023-bastyr-formal.pptx,11,used,Segoe UI,latin,other,slide,,,"[10.0, 16.0, 18.0]",401,44,"[""slide:39"", ""slide:41"", ""slide:51"", ""slide:52"", ""slide:54"", ""slide:55""]"
023-bastyr-formal.pptx,11,used,Segoe UI,latin,other,slide,,True,[14.0],274,55,"[""slide:46""]"
023-bastyr-formal.pptx,11,hint,Calibri,latin,other,master,,,[18.0],0,0,"[""slide:42"", ""slide:43"", ""slide:44"", ""slide:45""]"
023-bastyr-formal.pptx,12,used,Palatino Linotype,latin,other,slide,700,,[48.0],5,1,"[""slide:20""]"
023-bastyr-formal.pptx,12,used,Segoe UI,latin,other,slide,700,,[10.0],2,1,"[""slide:18""]"
023-bastyr-formal.pptx,12,used,Segoe UI,latin,other,slide,,,"[10.0, 18.0]",442,6,"[""slide:18"", ""slide:21""]"
023-bastyr-formal.pptx,12,used,Segoe UI,latin,other,slide,,True,[14.0],274,55,"[""slide:16""]"
023-bastyr-formal.pptx,12,hint,Calibri,latin,chart,master,,,[18.0],0,0,"[""ppt/charts/chart2.xml""]"
023-bastyr-formal.pptx,12,hint,Calibri,latin,other,master,,,[18.0],0,0,"[""slide:37""]"
023-bastyr-formal.pptx,12,hint,Segoe UI Symbol,latin,chart,chart,400,False,"[11.0, 11.97]",0,0,"[""ppt/charts/chart2.xml""]"
023-bastyr-formal.pptx,12,hint,Segoe UI Symbol,latin,chart,chart,700,False,[14.0],0,0,"[""ppt/charts/chart2.xml""]"
023-bastyr-formal.pptx,12,hint,Segoe UI,latin,other,slide,,,[18.0],0,0,"[""slide:21""]"
024-bastyr-informal.pptx,1,used,Arial,latin,other,slide,700,,[10.0],1,1,"[""slide:9""]"
024-bastyr-informal.pptx,1,used,Arial,latin,other,slide,,,[10.0],32,3,"[""slide:9""]"
024-bastyr-informal.pptx,1,used,Palatino Linotype,latin,other,slide,700,,[64.0],13,1,"[""slide:6""]"
024-bastyr-informal.pptx,1,hint,Calibri,latin,other,master,,,[18.0],0,0,"[""slide:17""]"
024-bastyr-informal.pptx,2,used,Arial,latin,other,slide,700,,[10.0],1,1,"[""slide:7""]"
024-bastyr-informal.pptx,2,used,Arial,latin,other,slide,,,[10.0],32,3,"[""slide:7""]"
024-bastyr-informal.pptx,2,used,Palatino Linotype,latin,other,slide,700,,[64.0],17,1,"[""slide:6""]"
024-bastyr-informal.pptx,2,hint,Calibri,latin,other,master,,,[18.0],0,0,"[""slide:17""]"
024-bastyr-informal.pptx,3,used,Arial,latin,other,slide,700,,[10.0],1,1,"[""slide:7""]"
024-bastyr-informal.pptx,3,used,Arial,latin,other,slide,,,"[10.0, 24.0]",442,83,"[""slide:21"", ""slide:7""]"
024-bastyr-informal.pptx,3,used,Palatino Linotype,latin,other,slide,700,,"[24.0, 64.0]",17,2,"[""slide:20""]"
024-bastyr-informal.pptx,3,hint,Arial,latin,other,slide,,,[24.0],0,0,"[""slide:21""]"
024-bastyr-informal.pptx,4,used,Arial,latin,other,slide,700,,[10.0],1,1,"[""slide:7""]"
024-bastyr-informal.pptx,4,used,Arial,latin,other,slide,,,[10.0],32,3,"[""slide:7""]"
024-bastyr-informal.pptx,4,used,Palatino Linotype,latin,other,slide,700,,[64.0],17,1,"[""slide:6""]"
024-bastyr-informal.pptx,4,hint,Calibri,latin,other,master,,,[18.0],0,0,"[""slide:17""]"
024-bastyr-informal.pptx,5,used,Arial,latin,other,slide,,,"[10.0, 16.0, 32.0]",63,3,"[""slide:16"", ""slide:26"", ""slide:27""]"
024-bastyr-informal.pptx,5,used,Palatino Linotype,latin,other,slide,700,,[64.0],24,1,"[""slide:24""]"
024-bastyr-informal.pptx,5,hint,Calibri,latin,other,master,,,[18.0],0,0,"[""slide:15"", ""slide:23""]"
024-bastyr-informal.pptx,6,used,Arial,latin,other,slide,700,,[10.0],1,1,"[""slide:8""]"
024-bastyr-informal.pptx,6,used,Arial,latin,other,slide,,,"[10.0, 24.0]",442,84,"[""slide:7"", ""slide:8""]"
024-bastyr-informal.pptx,6,used,Palatino Linotype,latin,other,slide,700,,"[24.0, 64.0]",31,2,"[""slide:20""]"
024-bastyr-informal.pptx,6,hint,Arial,latin,other,slide,,,[24.0],0,0,"[""slide:7""]"
024-bastyr-informal.pptx,7,used,Arial,latin,body,slide,700,,[28.0],22,2,"[""slide:3"", ""slide:4""]"
024-bastyr-informal.pptx,7,used,Arial,latin,body,slide,,,[24.0],296,58,"[""slide:3"", ""slide:4""]"
024-bastyr-informal.pptx,7,used,Arial,latin,other,slide,700,,[10.0],1,1,"[""slide:10""]"
024-bastyr-informal.pptx,7,used,Arial,latin,other,slide,,,[10.0],32,3,"[""slide:10""]"
024-bastyr-informal.pptx,7,used,Palatino Linotype,latin,other,slide,700,,"[24.0, 64.0]",31,2,"[""slide:9""]"
024-bastyr-informal.pptx,7,hint,Arial,latin,body,slide,700,,[28.0],0,0,"[""slide:3"", ""slide:4""]"
024-bastyr-informal.pptx,7,hint,Segoe UI,latin,body,slide,,,[28.0],0,0,"[""slide:3"", ""slide:4""]"
024-bastyr-informal.pptx,8,used,Arial,latin,other,slide,700,,[10.0],1,1,"[""slide:7""]"
024-bastyr-informal.pptx,8,used,Arial,latin,other,slide,,,[10.0],32,3,"[""slide:7""]"
024-bastyr-informal.pptx,8,used,Palatino Linotype,latin,other,slide,700,,[64.0],17,1,"[""slide:6""]"
024-bastyr-informal.pptx,8,hint,Calibri,latin,other,master,,,[18.0],0,0,"[""slide:17""]"
024-bastyr-informal.pptx,9,used,Arial,latin,other,slide,700,,"[10.0, 48.0]",18,2,"[""slide:11"", ""slide:12""]"
024-bastyr-informal.pptx,9,used,Arial,latin,other,slide,,,"[10.0, 24.0]",384,72,"[""slide:10"", ""slide:12""]"
024-bastyr-informal.pptx,9,used,Palatino Linotype,latin,other,slide,700,,"[24.0, 64.0]",18,2,"[""slide:9""]"
024-bastyr-informal.pptx,9,used,Segoe UI,latin,other,slide,700,,[12.0],5,1,"[""slide:14""]"
024-bastyr-informal.pptx,9,hint,Arial,latin,other,slide,,,[24.0],0,0,"[""slide:10""]"
024-bastyr-informal.pptx,10,used,Arial,latin,chart,chart,400,False,[18.62],5,1,"[""ppt/charts/chart1.xml""]"
024-bastyr-informal.pptx,10,used,Arial,latin,other,slide,700,,[10.0],2,1,"[""slide:12""]"
024-bastyr-informal.pptx,10,used,Arial,latin,other,slide,,,"[10.0, 24.0]",384,72,"[""slide:10"", ""slide:12""]"
024-bastyr-informal.pptx,10,used,Palatino Linotype,latin,other,slide,700,,"[24.0, 64.0]",18,2,"[""slide:9""]"
024-bastyr-informal.pptx,10,used,Segoe UI,latin,other,slide,700,,[12.0],5,1,"[""slide:14""]"
024-bastyr-informal.pptx,10,hint,Arial,latin,other,slide,,,[24.0],0,0,"[""slide:10""]"
024-bastyr-informal.pptx,10,hint,Calibri,latin,chart,chart,400,False,"[11.97, 18.62]",0,0,"[""ppt/charts/chart1.xml""]"
024-bastyr-informal.pptx,10,hint,Calibri,latin,chart,master,,,[18.0],0,0,"[""ppt/charts/chart1.xml""]"
025-wpi-template.pptx,1,used,Arial,latin,other,slide,700,,[50.0],13,1,"[""slide:15""]"
025-wpi-template.pptx,1,used,Arial,latin,other,slide,,,[36.0],7,1,"[""slide:15""]"
025-wpi-template.pptx,1,hint,Arial,latin,other,master,,,"[16.0, 18.0]",0,0,"[""slide:11"", ""slide:19"", ""slide:20"", ""slide:21"", ""slide:24""]"
025-wpi-template.pptx,1,hint,Arial,latin,other,slide,,,[16.0],0,0,"[""slide:3""]"
025-wpi-template.pptx,2,used,Arial,latin,subtitle,master,,,[28.0],22,1,"[""slide:3""]"
025-wpi-template.pptx,2,used,Arial,latin,title,master,700,,[40.0],34,2,"[""slide:2""]"
025-wpi-template.pptx,2,hint,Arial,latin,other,master,,,[16.0],0,0,"[""slide:4""]"
025-wpi-template.pptx,3,used,Arial,latin,subtitle,master,,,[28.0],27,1,"[""slide:3""]"
025-wpi-template.pptx,3,used,Arial,latin,title,master,700,,[40.0],32,1,"[""slide:2""]"
025-wpi-template.pptx,3,hint,Arial,latin,other,master,,,[16.0],0,0,"[""slide:6""]"
025-wpi-template.pptx,4,used,Arial,latin,body,master,,,"[18.0, 20.0, 24.0]",262,9,"[""slide:3""]"
025-wpi-template.pptx,4,used,Arial,latin,title,master,700,,[36.0],41,2,"[""slide:2""]"
025-wpi-template.pptx,5,used,Arial,latin,body,master,,,"[18.0, 20.0, 24.0]",524,18,"[""slide:3"", ""slide:4""]"
025-wpi-template.pptx,5,used,Arial,latin,title,master,700,,[36.0],41,2,"[""slide:6""]"
025-wpi-template.pptx,6,used,Arial,latin,title,master,700,,[36.0],31,2,"[""slide:6""]"
025-wpi-template.pptx,6,hint,Arial,latin,other,master,,,[24.0],0,0,"[""slide:56"", ""slide:57"", ""slide:58"", ""slide:59"", ""slide:60"", ""slide:61""]"
025-wpi-template.pptx,7,used,Arial,latin,body,master,,,[24.0],98,4,"[""slide:5""]"
025-wpi-template.pptx,7,used,Arial,latin,title,master,700,,[36.0],45,2,"[""slide:2""]"
025-wpi-template.pptx,7,hint,Arial,latin,other,master,,,[24.0],0,0,"[""slide:8""]"
025-wpi-template.pptx,8,used,Arial,latin,body,master,,,[24.0],98,4,"[""slide:5""]"
025-wpi-template.pptx,8,used,Arial,latin,title,master,700,,[36.0],46,2,"[""slide:2""]"
025-wpi-template.pptx,8,hint,Arial,latin,other,master,,,[24.0],0,0,"[""slide:9""]"
025-wpi-template.pptx,9,used,Arial,latin,body,master,,,[24.0],98,4,"[""slide:3""]"
025-wpi-template.pptx,9,used,Arial,latin,title,master,700,,[36.0],48,2,"[""slide:2""]"
025-wpi-template.pptx,9,hint,Arial,latin,other,master,,,[24.0],0,0,"[""slide:6"", ""slide:7"", ""slide:8"", ""slide:9""]"
025-wpi-template.pptx,10,used,Arial,latin,body,master,,,[24.0],98,4,"[""slide:3""]"
025-wpi-template.pptx,10,used,Arial,latin,other,slide,700,,[36.0],49,2,"[""slide:28""]"
025-wpi-template.pptx,10,hint,Arial,latin,other,master,,,[24.0],0,0,"[""slide:24"", ""slide:25"", ""slide:26"", ""slide:27""]"
025-wpi-template.pptx,11,used,Arial,latin,body,master,,,[16.0],57,3,"[""slide:6"", ""slide:7"", ""slide:9""]"
025-wpi-template.pptx,11,used,Arial,latin,title,master,700,,[36.0],45,2,"[""slide:2""]"
025-wpi-template.pptx,11,hint,Arial,latin,other,master,,,"[16.0, 24.0]",0,0,"[""slide:3"", ""slide:4"", ""slide:46"", ""slide:5""]"
025-wpi-template.pptx,12,used,Arial,latin,body,master,,,[16.0],57,3,"[""slide:10"", ""slide:11"", ""slide:8""]"
025-wpi-template.pptx,12,used,Arial,latin,title,master,700,,[36.0],51,2,"[""slide:2""]"
025-wpi-template.pptx,12,hint,Arial,latin,other,master,,,"[16.0, 24.0]",0,0,"[""slide:12"", ""slide:13"", ""slide:14"", ""slide:46""]"
025-wpi-template.pptx,13,used,Arial,latin,title,master,700,,[36.0],34,2,"[""slide:2""]"
025-wpi-template.pptx,13,hint,Arial,latin,other,master,,,"[16.0, 24.0]",0,0,"[""slide:46"", ""slide:8""]"
025-wpi-template.pptx,14,used,Arial,latin,body,master,,,[24.0],98,4,"[""slide:11""]"
025-wpi-template.pptx,14,used,Arial,latin,other,slide,700,,[36.0],51,2,"[""slide:8""]"
025-wpi-template.pptx,14,hint,Arial,latin,other,master,,,"[16.0, 24.0]",0,0,"[""slide:46"", ""slide:5""]"
025-wpi-template.pptx,15,used,Arial,latin,table,master,,,[18.0],185,26,"[""slide:6""]"
025-wpi-template.pptx,15,used,Arial,latin,title,master,700,,[36.0],19,1,"[""slide:7""]"
025-wpi-template.pptx,16,used,Arial,latin,title,master,700,,[36.0],34,2,"[""slide:2""]"
025-wpi-template.pptx,16,hint,Arial,latin,chart,master,,,[18.0],0,0,"[""ppt/charts/chart1.xml""]"
025-wpi-template.pptx,17,used,Arial,latin,title,master,700,,[36.0],33,2,"[""slide:2""]"
025-wpi-template.pptx,17,hint,Arial,latin,chart,master,,,[18.0],0,0,"[""ppt/charts/chart2.xml""]"
025-wpi-template.pptx,18,used,Arial,latin,title,master,700,,[36.0],34,2,"[""slide:614403""]"
025-wpi-template.pptx,18,hint,Arial,latin,chart,master,,,[18.0],0,0,"[""ppt/charts/chart3.xml"", ""ppt/charts/chart4.xml""]"
025-wpi-template.pptx,19,used,Arial,latin,body,master,,,"[20.0, 24.0]",105,7,"[""slide:25""]"
025-wpi-template.pptx,19,used,Arial,latin,other,master,,,[16.0],54,9,"[""slide:30"", ""slide:32"", ""slide:33"", ""slide:42"", ""slide:43"", ""slide:44"", ""slide:45"", ""slide:46"", ""slide:47""]"
025-wpi-template.pptx,19,used,Arial,latin,other,slide,,,[24.0],42,2,"[""slide:34"", ""slide:36""]"
025-wpi-template.pptx,19,used,Arial,latin,title,master,700,,[36.0],16,1,"[""slide:2""]"
025-wpi-template.pptx,19,hint,Arial,latin,body,master,,,[20.0],0,0,"[""slide:25""]"
025-wpi-template.pptx,19,hint,Arial,latin,other,master,,,[16.0],0,0,"[""slide:48""]"
025-wpi-template.pptx,20,used,Arial,latin,other,master,,,"[12.0, 14.0]",197,18,"[""slide:12"", ""slide:14"", ""slide:16"", ""slide:18"", ""slide:20"", ""slide:38"", ""slide:40"", ""slide:7"", ""slide:9""]"
025-wpi-template.pptx,20,used,Arial,latin,title,master,700,,[36.0],12,1,"[""slide:2""]"
025-wpi-template.pptx,20,hint,Arial,latin,other,master,,,[18.0],0,0,"[""slide:10"", ""slide:13"", ""slide:15"", ""slide:17"", ""slide:19"", ""slide:37"", ""slide:39"", ""slide:6"", ""slide:8""]"
025-wpi-template.pptx,21,hint,Arial,latin,other,master,,,[16.0],0,0,"[""slide:46""]"
025-wpi-template.pptx,22,hint,Arial,latin,other,master,,,[16.0],0,0,"[""slide:46""]"
026-wpi-institutional.pptx,1,used,Arial,latin,other,slide,700,,[28.0],20,3,"[""slide:17""]"
026-wpi-institutional.pptx,1,hint,Arial,latin,other,master,,,"[16.0, 18.0]",0,0,"[""slide:102"", ""slide:116"", ""slide:15"", ""slide:16"", ""slide:18"", ""slide:21"", ""slide:27"", ""slide:28"", ""slide:29"", ""slide:79"", ""slide:95"", ""slide:96""]"
026-wpi-institutional.pptx,1,hint,Arial,latin,other,slide,,,[16.0],0,0,"[""slide:19""]"
026-wpi-institutional.pptx,2,used,Arial,latin,body,master,,,[24.0],58,1,"[""slide:7""]"
026-wpi-institutional.pptx,2,used,Arial,latin,other,slide,700,,[28.0],21,2,"[""slide:14"", ""slide:24""]"
026-wpi-institutional.pptx,2,used,Arial,latin,other,slide,,,[24.0],173,1,"[""slide:23""]"
026-wpi-institutional.pptx,2,used,Arial,latin,title,master,700,,[36.0],13,1,"[""slide:2""]"
026-wpi-institutional.pptx,2,hint,Arial,latin,other,master,,,[18.0],0,0,"[""slide:33"", ""slide:34""]"
026-wpi-institutional.pptx,3,used,Arial,latin,other,master,700,,"[16.0, 18.0, 20.0]",98,11,"[""slide:14"", ""slide:20"", ""slide:24"", ""slide:3"", ""slide:31"", ""slide:4"", ""slide:7"", ""slide:72"", ""slide:73"", ""slide:76""]"
026-wpi-institutional.pptx,3,used,Arial,latin,other,master,,,"[13.0, 16.0]",148,9,"[""slide:16"", ""slide:24"", ""slide:3"", ""slide:4"", ""slide:7"", ""slide:73"", ""slide:76""]"
026-wpi-institutional.pptx,3,used,Arial,latin,other,slide,400,False,[13.0],238,12,"[""slide:11"", ""slide:15"", ""slide:25"", ""slide:3"", ""slide:4"", ""slide:6"", ""slide:8""]"
026-wpi-institutional.pptx,3,used,Arial,latin,other,slide,700,False,[20.0],10,3,"[""slide:16"", ""slide:3"", ""slide:8""]"
026-wpi-institutional.pptx,3,used,Arial,latin,other,slide,700,,[20.0],13,4,"[""slide:25"", ""slide:4"", ""slide:6"", ""slide:8""]"
026-wpi-institutional.pptx,3,used,Arial,latin,other,slide,,,[13.0],7,1,"[""slide:4""]"
026-wpi-institutional.pptx,3,used,Arial,latin,title,master,700,,[36.0],15,1,"[""slide:2""]"
026-wpi-institutional.pptx,3,hint,Arial,latin,other,master,,,"[14.0, 16.0]",0,0,"[""slide:22"", ""slide:27"", ""slide:28"", ""slide:29"", ""slide:30"", ""slide:38"", ""slide:39"", ""slide:40"", ""slide:5"", ""slide:71"", ""slide:79"", ""slide:8"", ""slide:86"", ""slide:95""]"
026-wpi-institutional.pptx,4,used,Arial,latin,other,master,700,,"[16.0, 28.0, 30.0]",39,11,"[""slide:10"", ""slide:11"", ""slide:13"", ""slide:15"", ""slide:17"", ""slide:23"", ""slide:6""]"
026-wpi-institutional.pptx,4,used,Arial,latin,other,master,,,"[12.0, 16.0]",343,17,"[""slide:10"", ""slide:11"", ""slide:13"", ""slide:15"", ""slide:17"", ""slide:23"", ""slide:6""]"
026-wpi-institutional.pptx,4,used,Arial,latin,other,master,,True,"[12.0, 14.0]",177,12,"[""slide:10"", ""slide:11"", ""slide:13"", ""slide:15"", ""slide:17"", ""slide:19"", ""slide:23"", ""slide:6""]"
026-wpi-institutional.pptx,4,used,Arial,latin,other,slide,400,False,[16.0],40,1,"[""slide:10""]"
026-wpi-institutional.pptx,4,used,Arial,latin,other,slide,400,True,[14.0],6,1,"[""slide:10""]"
026-wpi-institutional.pptx,4,used,Arial,latin,other,slide,700,False,"[20.0, 30.0]",14,3,"[""slide:10"", ""slide:11""]"
026-wpi-institutional.pptx,4,used,Arial,latin,title,master,700,,[36.0],12,1,"[""slide:2""]"
026-wpi-institutional.pptx,4,hint,Arial,latin,other,master,,,[16.0],0,0,"[""slide:16"", ""slide:25"", ""slide:4"", ""slide:5"", ""slide:8""]"
026-wpi-institutional.pptx,4,hint,Arial,latin,other,slide,,,[16.0],0,0,"[""slide:3""]"
026-wpi-institutional.pptx,5,used,Arial,latin,body,master,,,[24.0],237,1,"[""slide:3""]"
026-wpi-institutional.pptx,5,used,Arial,latin,other,slide,400,False,[14.0],70,1,"[""slide:22""]"
026-wpi-institutional.pptx,5,used,Arial,latin,other,slide,700,False,[20.0],14,4,"[""slide:19"", ""slide:20"", ""slide:22"", ""slide:23""]"
026-wpi-institutional.pptx,5,used,Arial,latin,other,slide,700,,[20.0],5,1,"[""slide:22""]"
026-wpi-institutional.pptx,5,used,Arial,latin,other,slide,,,"[14.0, 20.5]",295,8,"[""slide:19"", ""slide:20"", ""slide:22"", ""slide:23"", ""slide:25""]"
026-wpi-institutional.pptx,5,used,Arial,latin,title,master,700,,[36.0],40,1,"[""slide:2""]"
026-wpi-institutional.pptx,5,used,Calibri,latin,other,slide,700,,[20.5],96,8,"[""slide:25""]"
026-wpi-institutional.pptx,5,used,Calibri,latin,other,slide,700,True,[20.5],7,2,"[""slide:25""]"
026-wpi-institutional.pptx,5,hint,Arial,latin,other,master,,,[16.0],0,0,"[""slide:18"", ""slide:27"", ""slide:4""]"
026-wpi-institutional.pptx,6,used,Arial,latin,body,slide,,,[24.0],244,1,"[""slide:3""]"
026-wpi-institutional.pptx,6,used,Arial,latin,other,slide,700,False,[20.0],4,2,"[""slide:10"", ""slide:8""]"
026-wpi-institutional.pptx,6,used,Arial,latin,other,slide,700,,[20.0],7,2,"[""slide:10"", ""slide:12""]"
026-wpi-institutional.pptx,6,used,Arial,latin,other,slide,,,[13.0],197,12,"[""slide:10"", ""slide:12"", ""slide:8""]"
026-wpi-institutional.pptx,6,used,Arial,latin,title,master,700,,[36.0],63,2,"[""slide:2""]"
026-wpi-institutional.pptx,6,hint,Arial,latin,other,master,,,[16.0],0,0,"[""slide:16"", ""slide:20"", ""slide:21"", ""slide:4"", ""slide:6""]"
026-wpi-institutional.pptx,6,hint,Arial,latin,other,slide,,,[13.0],0,0,"[""slide:10""]"
026-wpi-institutional.pptx,7,used,Arial,latin,other,master,700,,[30.0],24,8,"[""slide:14"", ""slide:17"", ""slide:18"", ""slide:19"", ""slide:20"", ""slide:37"", ""slide:38"", ""slide:40""]"
026-wpi-institutional.pptx,7,used,Arial,latin,other,slide,,,"[11.0, 13.0, 14.0]",375,15,"[""slide:14"", ""slide:17"", ""slide:18"", ""slide:19"", ""slide:20"", ""slide:37"", ""slide:38"", ""slide:40""]"
026-wpi-institutional.pptx,7,used,Arial,latin,title,master,700,,[36.0],12,1,"[""slide:2""]"
026-wpi-institutional.pptx,7,used,Helvetica,latin,body,slide,,,[24.0],171,4,"[""slide:36""]"
026-wpi-institutional.pptx,7,hint,Arial,latin,other,master,,,[16.0],0,0,"[""slide:10"", ""slide:11"", ""slide:12"", ""slide:14"", ""slide:17"", ""slide:18"", ""slide:19"", ""slide:20"", ""slide:21"", ""slide:23"", ""slide:38""]"
026-wpi-institutional.pptx,8,used,Arial,latin,other,master,700,,"[30.0, 48.0]",13,4,"[""slide:19"", ""slide:23"", ""slide:27"", ""slide:6""]"
026-wpi-institutional.pptx,8,used,Arial,latin,other,slide,,,"[14.0, 22.0]",208,7,"[""slide:16"", ""slide:23"", ""slide:27"", ""slide:6""]"
026-wpi-institutional.pptx,8,used,Arial,latin,title,master,700,,[36.0],7,1,"[""slide:2""]"
026-wpi-institutional.pptx,9,used,Arial,latin,other,master,700,False,[18.0],130,3,"[""slide:3"", ""slide:9""]"
026-wpi-institutional.pptx,9,used,Arial,latin,other,master,700,,"[18.0, 30.0]",188,10,"[""slide:22"", ""slide:23"", ""slide:3"", ""slide:6"", ""slide:9""]"
026-wpi-institutional.pptx,9,used,Arial,latin,other,master,,,"[14.0, 18.0]",52,4,"[""slide:22"", ""slide:23"", ""slide:3"", ""slide:9""]"
026-wpi-institutional.pptx,9,used,Arial,latin,other,slide,,,[14.0],135,5,"[""slide:23"", ""slide:6"", ""slide:9""]"
026-wpi-institutional.pptx,9,used,Arial,latin,title,slide,700,,[36.0],23,1,"[""slide:2""]"
026-wpi-institutional.pptx,9,used,Raleway,latin,other,slide,400,False,[18.0],2,2,"[""slide:3"", ""slide:9""]"
026-wpi-institutional.pptx,9,hint,Arial,latin,other,master,,,"[16.0, 18.0]",0,0,"[""slide:23"", ""slide:4"", ""slide:5"", ""slide:6""]"
026-wpi-institutional.pptx,9,hint,Arial,latin,other,slide,,,[14.0],0,0,"[""slide:23""]"
026-wpi-institutional.pptx,10,used,Arial,latin,body,slide,,,[24.0],162,2,"[""slide:3""]"
026-wpi-institutional.pptx,10,used,Arial,latin,other,master,700,,[30.0],4,2,"[""slide:23"", ""slide:24""]"
026-wpi-institutional.pptx,10,used,Arial,latin,other,slide,,,[14.0],34,4,"[""slide:24""]"
026-wpi-institutional.pptx,10,used,Helvetica,latin,other,slide,,,[14.0],22,4,"[""slide:23""]"
026-wpi-institutional.pptx,10,used,Helvetica,latin,title,slide,700,,[36.0],23,1,"[""slide:2""]"
026-wpi-institutional.pptx,10,hint,Arial,latin,other,master,,,[16.0],0,0,"[""slide:24"", ""slide:5""]"
026-wpi-institutional.pptx,11,used,Arial,latin,body,slide,,,[24.0],77,2,"[""slide:11""]"
026-wpi-institutional.pptx,11,used,Arial,latin,other,master,700,,[28.0],3,1,"[""slide:18""]"
026-wpi-institutional.pptx,11,used,Arial,latin,other,slide,700,False,[28.0],11,4,"[""slide:16"", ""slide:19"", ""slide:3"", ""slide:34""]"
026-wpi-institutional.pptx,11,used,Arial,latin,other,slide,700,,"[13.0, 28.0]",13,4,"[""slide:19"", ""slide:3"", ""slide:34""]"
026-wpi-institutional.pptx,11,used,Arial,latin,other,slide,,,[13.0],238,8,"[""slide:16"", ""slide:19"", ""slide:3"", ""slide:34""]"
026-wpi-institutional.pptx,11,used,Arial,latin,title,master,700,,[36.0],14,1,"[""slide:2""]"
026-wpi-institutional.pptx,11,used,Helvetica,latin,other,slide,,,[13.0],183,4,"[""slide:16"", ""slide:18""]"
026-wpi-institutional.pptx,11,hint,Arial,latin,other,master,,,[16.0],0,0,"[""slide:31"", ""slide:32"", ""slide:5"", ""slide:6""]"
026-wpi-institutional.pptx,11,hint,Helvetica,latin,other,slide,,,[14.0],0,0,"[""slide:18""]"
026-wpi-institutional.pptx,12,used,Arial,latin,other,master,700,,[28.0],7,1,"[""slide:8""]"
026-wpi-institutional.pptx,12,hint,Arial,latin,other,master,,,[16.0],0,0,"[""slide:10"", ""slide:11"", ""slide:12"", ""slide:13"", ""slide:14"", ""slide:15"", ""slide:21"", ""slide:27"", ""slide:28"", ""slide:33"", ""slide:79""]"
026-wpi-institutional.pptx,12,hint,Arial,latin,other,slide,,,[16.0],0,0,"[""slide:19"", ""slide:26""]"
027-wpi-pbl.pptx,1,used,Arial,latin,other,slide,700,,[50.0],25,1,"[""slide:15""]"
027-wpi-pbl.pptx,1,hint,Arial,latin,other,master,,,"[16.0, 18.0]",0,0,"[""slide:11"", ""slide:19"", ""slide:20"", ""slide:21"", ""slide:24""]"
027-wpi-pbl.pptx,2,used,Arial,latin,body,master,,,"[20.0, 24.0]",242,5,"[""slide:5""]"
027-wpi-pbl.pptx,2,used,Arial,latin,body,slide,,,[24.0],282,1,"[""slide:5""]"
027-wpi-pbl.pptx,2,used,Arial,latin,title,master,700,,[36.0],52,2,"[""slide:2""]"
027-wpi-pbl.pptx,2,hint,Arial,latin,body,slide,,,[24.0],0,0,"[""slide:5""]"
027-wpi-pbl.pptx,2,hint,Arial,latin,other,master,,,[16.0],0,0,"[""slide:6""]"
027-wpi-pbl.pptx,3,used,Arial,latin,body,master,,,[24.0],407,5,"[""slide:5""]"
027-wpi-pbl.pptx,3,used,Arial,latin,title,master,700,,[36.0],96,2,"[""slide:2""]"
027-wpi-pbl.pptx,3,hint,Arial,latin,body,master,,,[24.0],0,0,"[""slide:5""]"
027-wpi-pbl.pptx,3,hint,Arial,latin,other,master,,,[16.0],0,0,"[""slide:6""]"
027-wpi-pbl.pptx,4,used,Arial,latin,body,master,,,[16.0],92,2,"[""slide:9""]"
027-wpi-pbl.pptx,4,used,Arial,latin,other,master,700,,"[18.0, 22.0]",107,14,"[""slide:10"", ""slide:11"", ""slide:13"", ""slide:14"", ""slide:16"", ""slide:7""]"
027-wpi-pbl.pptx,4,used,Arial,latin,other,slide,,,[16.0],295,7,"[""slide:12"", ""slide:15""]"
027-wpi-pbl.pptx,4,used,Arial,latin,title,master,700,,[36.0],65,1,"[""slide:2""]"
027-wpi-pbl.pptx,5,used,Arial,latin,other,master,700,,"[18.0, 22.0]",75,6,"[""slide:19"", ""slide:20"", ""slide:22"", ""slide:8""]"
027-wpi-pbl.pptx,5,used,Arial,latin,other,slide,,,[16.0],232,4,"[""slide:18"", ""slide:21""]"
027-wpi-pbl.pptx,5,used,Arial,latin,title,master,700,,[36.0],65,1,"[""slide:2""]"
027-wpi-pbl.pptx,5,hint,Arial,latin,other,master,,,[16.0],0,0,"[""slide:5""]"
027-wpi-pbl.pptx,6,used,Arial,latin,other,master,700,,[30.0],19,7,"[""slide:10"", ""slide:11"", ""slide:12"", ""slide:15"", ""slide:4"", ""slide:7"", ""slide:9""]"
027-wpi-pbl.pptx,6,used,Arial,latin,other,master,,,[16.0],253,10,"[""slide:10"", ""slide:11"", ""slide:12"", ""slide:15"", ""slide:4"", ""slide:7"", ""slide:9""]"
027-wpi-pbl.pptx,6,used,Arial,latin,other,slide,700,,[18.0],23,2,"[""slide:16""]"
027-wpi-pbl.pptx,6,used,Arial,latin,title,slide,700,False,[36.0],65,2,"[""slide:2""]"
027-wpi-pbl.pptx,6,hint,Arial,latin,other,master,,,[16.0],0,0,"[""slide:12"", ""slide:3""]"
027-wpi-pbl.pptx,6,hint,Arial,latin,other,slide,,,[16.0],0,0,"[""slide:13""]"
027-wpi-pbl.pptx,7,used,Arial,latin,body,master,,,[24.0],486,2,"[""slide:8""]"
027-wpi-pbl.pptx,7,used,Arial,latin,title,master,700,,[36.0],48,1,"[""slide:2""]"
027-wpi-pbl.pptx,7,hint,Arial,latin,body,master,,,[24.0],0,0,"[""slide:8""]"
027-wpi-pbl.pptx,7,hint,Arial,latin,other,master,,,[16.0],0,0,"[""slide:10"", ""slide:6""]"
027-wpi-pbl.pptx,8,used,Arial,latin,body,master,700,,[18.0],196,3,"[""slide:12""]"
027-wpi-pbl.pptx,8,used,Arial,latin,body,master,,,"[18.0, 20.0]",625,7,"[""slide:12""]"
027-wpi-pbl.pptx,8,used,Arial,latin,title,master,700,,[36.0],48,1,"[""slide:2""]"
027-wpi-pbl.pptx,8,hint,Arial,latin,body,master,,,[24.0],0,0,"[""slide:12""]"
027-wpi-pbl.pptx,8,hint,Arial,latin,other,master,,,[16.0],0,0,"[""slide:13"", ""slide:6""]"
027-wpi-pbl.pptx,9,used,Arial,latin,other,master,700,,[20.0],24,8,"[""slide:302"", ""slide:306"", ""slide:310"", ""slide:314"", ""slide:323"", ""slide:327"", ""slide:331"", ""slide:335""]"
027-wpi-pbl.pptx,9,used,Arial,latin,other,master,,,[14.0],239,15,"[""slide:300"", ""slide:304"", ""slide:308"", ""slide:312"", ""slide:321"", ""slide:325"", ""slide:329"", ""slide:333""]"
027-wpi-pbl.pptx,9,used,Arial,latin,other,slide,400,True,[16.0],33,1,"[""slide:257""]"
027-wpi-pbl.pptx,9,used,Arial,latin,other,slide,700,False,[16.0],189,2,"[""slide:257""]"
027-wpi-pbl.pptx,9,used,Arial,latin,title,master,700,,"[24.0, 32.0]",121,2,"[""slide:2""]"
027-wpi-pbl.pptx,9,hint,Arial,latin,chart,master,,,[18.0],0,0,"[""ppt/charts/chart1.xml"", ""ppt/charts/chart2.xml"", ""ppt/charts/chart3.xml"", ""ppt/charts/chart4.xml"", ""ppt/charts/chart5.xml"", ""ppt/charts/chart6.xml"", ""ppt/charts/chart7.xml"", ""ppt/charts/chart8.xml""]"
027-wpi-pbl.pptx,9,hint,Arial,latin,other,master,,,"[14.0, 16.0]",0,0,"[""slide:179"", ""slide:304""]"
027-wpi-pbl.pptx,9,hint,Arial,latin,other,slide,,,[16.0],0,0,"[""slide:256"", ""slide:299"", ""slide:303"", ""slide:307"", ""slide:311"", ""slide:320"", ""slide:324"", ""slide:328"", ""slide:332""]"
027-wpi-pbl.pptx,10,used,Arial,latin,other,master,700,,[20.0],24,8,"[""slide:154"", ""slide:158"", ""slide:162"", ""slide:166"", ""slide:175"", ""slide:181"", ""slide:186"", ""slide:190""]"
027-wpi-pbl.pptx,10,used,Arial,latin,other,master,,,[14.0],336,12,"[""slide:152"", ""slide:156"", ""slide:160"", ""slide:164"", ""slide:173"", ""slide:177"", ""slide:184"", ""slide:188""]"
027-wpi-pbl.pptx,10,used,Arial,latin,other,slide,400,True,[16.0],33,1,"[""slide:191""]"
027-wpi-pbl.pptx,10,used,Arial,latin,other,slide,700,False,[16.0],176,2,"[""slide:191""]"
027-wpi-pbl.pptx,10,used,Arial,latin,title,master,700,,"[24.0, 32.0]",105,2,"[""slide:2""]"
027-wpi-pbl.pptx,10,hint,Arial,latin,chart,master,,,[18.0],0,0,"[""ppt/charts/chart10.xml"", ""ppt/charts/chart11.xml"", ""ppt/charts/chart12.xml"", ""ppt/charts/chart13.xml"", ""ppt/charts/chart14.xml"", ""ppt/charts/chart15.xml"", ""ppt/charts/chart16.xml"", ""ppt/charts/chart9.xml""]"
027-wpi-pbl.pptx,10,hint,Arial,latin,other,master,,,"[14.0, 16.0]",0,0,"[""slide:173"", ""slide:179"", ""slide:184""]"
027-wpi-pbl.pptx,10,hint,Arial,latin,other,slide,,,[16.0],0,0,"[""slide:151"", ""slide:155"", ""slide:159"", ""slide:163"", ""slide:172"", ""slide:176"", ""slide:183"", ""slide:187"", ""slide:3""]"
027-wpi-pbl.pptx,11,used,Arial,latin,other,master,700,,[20.0],24,8,"[""slide:150"", ""slide:155"", ""slide:160"", ""slide:165"", ""slide:174"", ""slide:178"", ""slide:185"", ""slide:189""]"
027-wpi-pbl.pptx,11,used,Arial,latin,other,master,,,[14.0],387,15,"[""slide:148"", ""slide:153"", ""slide:158"", ""slide:163"", ""slide:172"", ""slide:176"", ""slide:183"", ""slide:187""]"
027-wpi-pbl.pptx,11,used,Arial,latin,other,slide,400,True,[16.0],33,1,"[""slide:145""]"
027-wpi-pbl.pptx,11,used,Arial,latin,other,slide,700,False,[16.0],189,2,"[""slide:145""]"
027-wpi-pbl.pptx,11,used,Arial,latin,title,master,700,,"[24.0, 32.0]",107,2,"[""slide:2""]"
027-wpi-pbl.pptx,11,hint,Arial,latin,chart,master,,,[18.0],0,0,"[""ppt/charts/chart17.xml"", ""ppt/charts/chart18.xml"", ""ppt/charts/chart19.xml"", ""ppt/charts/chart20.xml"", ""ppt/charts/chart21.xml"", ""ppt/charts/chart22.xml"", ""ppt/charts/chart23.xml"", ""ppt/charts/chart24.xml""]"
027-wpi-pbl.pptx,11,hint,Arial,latin,other,master,,,[16.0],0,0,"[""slide:179""]"
027-wpi-pbl.pptx,11,hint,Arial,latin,other,slide,,,[16.0],0,0,"[""slide:144"", ""slide:147"", ""slide:152"", ""slide:157"", ""slide:162"", ""slide:171"", ""slide:175"", ""slide:181"", ""slide:186""]"
027-wpi-pbl.pptx,12,used,Arial,latin,other,master,700,,[20.0],27,9,"[""slide:16"", ""slide:21"", ""slide:224"", ""slide:229"", ""slide:234"", ""slide:239"", ""slide:26"", ""slide:31"", ""slide:8""]"
027-wpi-pbl.pptx,12,used,Arial,latin,other,master,,,[14.0],414,17,"[""slide:14"", ""slide:19"", ""slide:222"", ""slide:227"", ""slide:232"", ""slide:237"", ""slide:24"", ""slide:29"", ""slide:5""]"
027-wpi-pbl.pptx,12,used,Arial,latin,other,slide,400,True,[16.0],33,1,"[""slide:182""]"
027-wpi-pbl.pptx,12,used,Arial,latin,other,slide,700,False,[16.0],114,4,"[""slide:182""]"
027-wpi-pbl.pptx,12,used,Arial,latin,title,master,700,,"[24.0, 32.0]",76,2,"[""slide:2""]"
027-wpi-pbl.pptx,12,hint,Arial,latin,chart,master,,,[18.0],0,0,"[""ppt/charts/chart25.xml"", ""ppt/charts/chart26.xml"", ""ppt/charts/chart27.xml"", ""ppt/charts/chart28.xml"", ""ppt/charts/chart29.xml"", ""ppt/charts/chart30.xml"", ""ppt/charts/chart31.xml"", ""ppt/charts/chart32.xml"", ""ppt/charts/chart33.xml""]"
027-wpi-pbl.pptx,12,hint,Arial,latin,other,master,,,[16.0],0,0,"[""slide:179""]"
027-wpi-pbl.pptx,12,hint,Arial,latin,other,slide,,,[16.0],0,0,"[""slide:13"", ""slide:18"", ""slide:221"", ""slide:226"", ""slide:23"", ""slide:231"", ""slide:236"", ""slide:28"", ""slide:34"", ""slide:58""]"
027-wpi-pbl.pptx,13,used,Arial,latin,other,master,700,,[20.0],18,6,"[""slide:13"", ""slide:18"", ""slide:23"", ""slide:41"", ""slide:45"", ""slide:49""]"
027-wpi-pbl.pptx,13,used,Arial,latin,other,master,,,[14.0],261,12,"[""slide:11"", ""slide:16"", ""slide:21"", ""slide:39"", ""slide:43"", ""slide:47""]"
027-wpi-pbl.pptx,13,used,Arial,latin,other,slide,400,True,[16.0],33,1,"[""slide:6""]"
027-wpi-pbl.pptx,13,used,Arial,latin,other,slide,700,False,[16.0],189,2,"[""slide:6""]"
027-wpi-pbl.pptx,13,used,Arial,latin,title,master,700,,"[24.0, 32.0]",70,2,"[""slide:2""]"
027-wpi-pbl.pptx,13,hint,Arial,latin,chart,master,,,[18.0],0,0,"[""ppt/charts/chart34.xml"", ""ppt/charts/chart35.xml"", ""ppt/charts/chart36.xml"", ""ppt/charts/chart37.xml"", ""ppt/charts/chart38.xml"", ""ppt/charts/chart39.xml""]"
027-wpi-pbl.pptx,13,hint,Arial,latin,other,master,,,[16.0],0,0,"[""slide:179""]"
027-wpi-pbl.pptx,13,hint,Arial,latin,other,slide,,,[16.0],0,0,"[""slide:10"", ""slide:15"", ""slide:20"", ""slide:38"", ""slide:4"", ""slide:42"", ""slide:46""]"
027-wpi-pbl.pptx,14,used,Arial,latin,other,master,700,,[15.0],218,7,"[""slide:11"", ""slide:26"", ""slide:39"", ""slide:53"", ""slide:55""]"
027-wpi-pbl.pptx,14,used,Arial,latin,other,master,700,True,[12.0],191,10,"[""slide:11"", ""slide:26"", ""slide:39"", ""slide:53"", ""slide:55""]"
027-wpi-pbl.pptx,14,used,Arial,latin,other,master,,,[15.0],396,12,"[""slide:11"", ""slide:26"", ""slide:39"", ""slide:53"", ""slide:55""]"
027-wpi-pbl.pptx,14,used,Arial,latin,title,master,700,,[36.0],50,1,"[""slide:2""]"
027-wpi-pbl.pptx,14,hint,Arial,latin,other,master,,,[16.0],0,0,"[""slide:35"", ""slide:4""]"
027-wpi-pbl.pptx,14,hint,Arial,latin,other,slide,,,[16.0],0,0,"[""slide:25"", ""slide:38"", ""slide:52"", ""slide:54"", ""slide:6""]"
027-wpi-pbl.pptx,15,used,Arial,latin,other,master,700,,[15.0],371,7,"[""slide:10"", ""slide:55"", ""slide:57"", ""slide:64"", ""slide:7""]"
027-wpi-pbl.pptx,15,used,Arial,latin,other,master,700,True,[12.0],212,9,"[""slide:10"", ""slide:55"", ""slide:57"", ""slide:64"", ""slide:7""]"
027-wpi-pbl.pptx,15,used,Arial,latin,other,master,,,[15.0],726,13,"[""slide:10"", ""slide:55"", ""slide:57"", ""slide:64"", ""slide:7""]"
027-wpi-pbl.pptx,15,used,Arial,latin,title,master,700,,[36.0],50,1,"[""slide:2""]"
027-wpi-pbl.pptx,15,hint,Arial,latin,other,master,,,[16.0],0,0,"[""slide:14"", ""slide:31"", ""slide:35"", ""slide:52"", ""slide:58""]"
027-wpi-pbl.pptx,15,hint,Arial,latin,other,slide,,,[16.0],0,0,"[""slide:5"", ""slide:54"", ""slide:59"", ""slide:62"", ""slide:9""]"
027-wpi-pbl.pptx,16,used,Arial,latin,body,master,700,,[24.0],35,1,"[""slide:9""]"
027-wpi-pbl.pptx,16,used,Arial,latin,body,master,,,[24.0],271,9,"[""slide:9""]"
027-wpi-pbl.pptx,16,used,Arial,latin,other,master,700,,"[22.0, 30.0]",29,5,"[""slide:10"", ""slide:11"", ""slide:12"", ""slide:14"", ""slide:20""]"
027-wpi-pbl.pptx,16,used,Arial,latin,other,master,,,[14.0],192,7,"[""slide:10"", ""slide:11"", ""slide:12"", ""slide:14""]"
027-wpi-pbl.pptx,16,used,Arial,latin,title,master,700,,[36.0],23,1,"[""slide:2""]"
027-wpi-pbl.pptx,16,hint,Arial,latin,body,master,,,[24.0],0,0,"[""slide:9""]"
027-wpi-pbl.pptx,16,hint,Arial,latin,other,master,,,"[14.0, 16.0]",0,0,"[""slide:10"", ""slide:11"", ""slide:12""]"
028-denver.pptx,1,used,Neue Haas Grotesk Text Pro,latin,other,slide,700,,[48.0],30,3,"[""slide:3""]"
028-denver.pptx,1,used,Neue Haas Grotesk Text Pro,latin,other,slide,,,[20.0],26,1,"[""slide:4""]"
028-denver.pptx,1,used,Neue Haas Unica W1G,latin,other,slide,700,,[14.0],38,1,"[""slide:5""]"
028-denver.pptx,2,used,Neue Haas Grotesk Text Pro,latin,other,slide,700,,[16.0],96,2,"[""slide:2"", ""slide:4""]"
028-denver.pptx,2,used,Neue Haas Grotesk Text Pro,latin,other,slide,,,"[14.0, 16.0]",526,116,"[""slide:2"", ""slide:4""]"
028-denver.pptx,2,used,Neue Haas Grotesk Text Pro,latin,title,master,700,,[44.0],18,1,"[""slide:3""]"
028-denver.pptx,2,used,Neue Haas Unica W1G,latin,other,slide,,,[16.0],254,55,"[""slide:5""]"
028-denver.pptx,2,hint,Neue Haas Grotesk Text Pro,latin,other,slide,,,"[14.0, 16.0]",0,0,"[""slide:4""]"
028-denver.pptx,3,used,Neue Haas Grotesk Text Pro,latin,other,slide,700,,[16.0],21,2,"[""slide:6""]"
028-denver.pptx,3,used,Neue Haas Grotesk Text Pro,latin,other,slide,,,"[14.0, 16.0]",525,115,"[""slide:6""]"
028-denver.pptx,3,hint,Neue Haas Grotesk Text Pro,latin,other,slide,,,"[14.0, 16.0]",0,0,"[""slide:6""]"
028-denver.pptx,4,used,Neue Haas Grotesk Text Pro,latin,subtitle,master,,,"[14.0, 16.0]",525,115,"[""slide:3""]"
028-denver.pptx,4,used,Neue Haas Grotesk Text Pro,latin,subtitle,slide,700,,[16.0],21,2,"[""slide:3""]"
028-denver.pptx,4,hint,Neue Haas Grotesk Text Pro,latin,subtitle,master,,,"[14.0, 16.0]",0,0,"[""slide:3""]"
028-denver.pptx,5,used,Neue Haas Grotesk Text Pro,latin,other,slide,700,,[48.0],44,1,"[""slide:2""]"
028-denver.pptx,5,used,Neue Haas Grotesk Text Pro,latin,other,slide,,,[20.0],42,1,"[""slide:3""]"
028-denver.pptx,5,used,Neue Haas Unica W1G,latin,other,slide,700,,[14.0],38,1,"[""slide:4""]"
028-denver.pptx,6,used,Neue Haas Grotesk Text Pro,latin,other,slide,700,,"[16.0, 44.0]",111,5,"[""slide:2"", ""slide:3"", ""slide:4""]"
028-denver.pptx,6,used,Neue Haas Grotesk Text Pro,latin,other,slide,,,"[14.0, 16.0]",526,60,"[""slide:2"", ""slide:4""]"
028-denver.pptx,6,hint,Neue Haas Grotesk Text Pro,latin,other,slide,,,"[14.0, 16.0]",0,0,"[""slide:2"", ""slide:4""]"
028-denver.pptx,7,used,Neue Haas Grotesk Text Pro,latin,other,slide,700,,"[16.0, 40.0, 44.0]",115,7,"[""slide:2"", ""slide:6"", ""slide:7"", ""slide:8"", ""slide:9""]"
028-denver.pptx,7,used,Neue Haas Grotesk Text Pro,latin,other,slide,,,"[14.0, 16.0]",113,17,"[""slide:6"", ""slide:9""]"
028-denver.pptx,7,hint,Calibri,latin,other,master,,,[18.0],0,0,"[""slide:4"", ""slide:5""]"
028-denver.pptx,7,hint,Neue Haas Grotesk Text Pro,latin,other,slide,,,[16.0],0,0,"[""slide:6""]"
028-denver.pptx,8,used,Neue Haas Grotesk Text Pro,latin,other,slide,700,,"[16.0, 40.0]",150,6,"[""slide:15"", ""slide:16"", ""slide:17"", ""slide:18"", ""slide:19"", ""slide:20""]"
028-denver.pptx,8,used,Neue Haas Grotesk Text Pro,latin,other,slide,,,"[14.0, 16.0]",170,26,"[""slide:15"", ""slide:18"", ""slide:19""]"
028-denver.pptx,8,hint,Calibri,latin,other,master,,,[18.0],0,0,"[""slide:13"", ""slide:14"", ""slide:21""]"
028-denver.pptx,8,hint,Neue Haas Grotesk Text Pro,latin,other,slide,,,[16.0],0,0,"[""slide:15"", ""slide:19""]"
028-denver.pptx,9,used,Neue Haas Grotesk Text Pro,latin,other,slide,700,,"[16.0, 28.0, 44.0]",79,8,"[""slide:10"", ""slide:11"", ""slide:2"", ""slide:7"", ""slide:8"", ""slide:9""]"
028-denver.pptx,9,used,Neue Haas Grotesk Text Pro,latin,other,slide,,,"[14.0, 16.0]",263,58,"[""slide:11""]"
028-denver.pptx,9,hint,Calibri,latin,other,master,,,[18.0],0,0,"[""slide:3"", ""slide:4"", ""slide:5"", ""slide:6""]"
028-denver.pptx,9,hint,Neue Haas Grotesk Text Pro,latin,other,slide,,,[16.0],0,0,"[""slide:11""]"
028-denver.pptx,10,used,Neue Haas Grotesk Text Pro,latin,other,layout,700,,[48.0],9,1,"[""layout:11""]"
028-denver.pptx,10,used,Neue Haas Unica W1G,latin,other,slide,700,,[14.0],38,1,"[""slide:2""]"
029-csumb-light.pptx,2,used,Montserrat ExtraBold,latin,other,slide,700,False,[60.0],18,2,"[""slide:3""]"
029-csumb-light.pptx,2,used,Montserrat ExtraLight,latin,other,slide,400,False,[36.0],30,1,"[""slide:4""]"
029-csumb-light.pptx,2,used,Montserrat Light,latin,other,slide,,,[20.0],13,1,"[""slide:2""]"
029-csumb-light.pptx,3,used,Montserrat ExtraBold,latin,title,master,700,False,[54.0],27,1,"[""slide:2""]"
029-csumb-light.pptx,3,used,Montserrat Light,latin,body,master,400,False,"[13.0, 16.0]",372,12,"[""slide:3""]"
029-csumb-light.pptx,3,used,Montserrat SemiBold,latin,body,master,700,False,[18.0],17,1,"[""slide:3""]"
029-csumb-light.pptx,3,used,Montserrat,latin,body,master,700,False,[24.0],11,1,"[""slide:3""]"
029-csumb-light.pptx,4,hint,Montserrat ExtraBold,latin,title,master,700,False,[54.0],0,0,"[""slide:2""]"
029-csumb-light.pptx,4,hint,Montserrat,latin,body,master,700,False,[24.0],0,0,"[""slide:3""]"
029-csumb-light.pptx,5,hint,Montserrat ExtraBold,latin,title,master,700,False,[54.0],0,0,"[""slide:3""]"
029-csumb-light.pptx,5,hint,Montserrat,latin,body,master,700,False,[24.0],0,0,"[""slide:2"", ""slide:4""]"
029-csumb-light.pptx,6,hint,Montserrat ExtraBold,latin,title,master,700,False,[54.0],0,0,"[""slide:3""]"
029-csumb-light.pptx,6,hint,Montserrat,latin,body,master,700,False,[24.0],0,0,"[""slide:2"", ""slide:4"", ""slide:5""]"
029-csumb-light.pptx,7,hint,Montserrat ExtraBold,latin,title,master,700,False,[38.0],0,0,"[""slide:2""]"
029-csumb-light.pptx,7,hint,Montserrat,latin,body,master,700,False,"[16.0, 22.0]",0,0,"[""slide:3"", ""slide:5""]"
029-csumb-light.pptx,7,hint,Montserrat,latin,other,master,700,False,[16.0],0,0,"[""slide:4""]"
029-csumb-light.pptx,8,hint,Montserrat ExtraBold,latin,title,master,700,False,[54.0],0,0,"[""slide:3""]"
029-csumb-light.pptx,8,hint,Montserrat,latin,body,master,700,False,[24.0],0,0,"[""slide:4""]"
029-csumb-light.pptx,8,hint,Montserrat,latin,other,master,700,False,[16.0],0,0,"[""slide:2""]"
029-csumb-light.pptx,9,hint,Montserrat ExtraBold,latin,title,master,700,False,[54.0],0,0,"[""slide:3""]"
029-csumb-light.pptx,9,hint,Montserrat,latin,body,master,700,False,[22.0],0,0,"[""slide:4""]"
029-csumb-light.pptx,9,hint,Montserrat,latin,other,master,700,False,[16.0],0,0,"[""slide:2""]"
029-csumb-light.pptx,10,hint,Montserrat ExtraBold,latin,title,master,700,False,[54.0],0,0,"[""slide:3""]"
029-csumb-light.pptx,10,hint,Montserrat,latin,other,master,700,False,[24.0],0,0,"[""slide:2""]"
029-csumb-light.pptx,11,hint,Montserrat ExtraLight,latin,title,layout,400,False,[40.0],0,0,"[""slide:2""]"
029-csumb-light.pptx,11,hint,Montserrat,latin,body,master,700,False,[24.0],0,0,"[""slide:3""]"
029-csumb-light.pptx,12,used,Montserrat ExtraBold,latin,other,slide,700,False,[60.0],20,2,"[""slide:2""]"
029-csumb-light.pptx,12,used,Montserrat ExtraLight,latin,other,slide,400,False,[36.0],32,1,"[""slide:3""]"
029-csumb-light.pptx,12,used,Montserrat Light,latin,other,slide,,,[12.0],75,4,"[""slide:11"", ""slide:5"", ""slide:8""]"
029-csumb-light.pptx,12,used,Montserrat,latin,other,slide,700,,[12.0],35,3,"[""slide:11"", ""slide:5"", ""slide:8""]"
030-csumb-dark.pptx,3,used,Montserrat ExtraBold,latin,other,slide,700,False,[60.0],18,2,"[""slide:3""]"
030-csumb-dark.pptx,3,used,Montserrat ExtraLight,latin,other,slide,400,False,[36.0],30,1,"[""slide:4""]"
030-csumb-dark.pptx,3,used,Montserrat Light,latin,other,slide,,,[20.0],13,1,"[""slide:2""]"
030-csumb-dark.pptx,4,used,Montserrat ExtraBold,latin,other,slide,700,False,[60.0],18,2,"[""slide:3""]"
030-csumb-dark.pptx,4,used,Montserrat ExtraLight,latin,other,slide,400,False,[36.0],30,1,"[""slide:4""]"
030-csumb-dark.pptx,4,used,Montserrat Light,latin,other,slide,,,[20.0],13,1,"[""slide:2""]"
030-csumb-dark.pptx,5,used,Montserrat ExtraBold,latin,title,master,700,False,[54.0],27,1,"[""slide:2""]"
030-csumb-dark.pptx,5,used,Montserrat Light,latin,body,master,400,False,"[13.0, 16.0]",372,12,"[""slide:3""]"
030-csumb-dark.pptx,5,used,Montserrat SemiBold,latin,body,master,700,False,[18.0],17,1,"[""slide:3""]"
030-csumb-dark.pptx,5,used,Montserrat,latin,body,master,700,False,[24.0],11,1,"[""slide:3""]"
030-csumb-dark.pptx,6,hint,Montserrat ExtraBold,latin,title,master,700,False,[54.0],0,0,"[""slide:2""]"
030-csumb-dark.pptx,6,hint,Montserrat,latin,body,master,700,False,[24.0],0,0,"[""slide:3""]"
030-csumb-dark.pptx,7,hint,Montserrat ExtraBold,latin,title,master,700,False,[54.0],0,0,"[""slide:3""]"
030-csumb-dark.pptx,7,hint,Montserrat,latin,body,master,700,False,[24.0],0,0,"[""slide:2"", ""slide:4""]"
030-csumb-dark.pptx,8,hint,Montserrat ExtraBold,latin,title,master,700,False,[54.0],0,0,"[""slide:3""]"
030-csumb-dark.pptx,8,hint,Montserrat,latin,body,master,700,False,[24.0],0,0,"[""slide:2"", ""slide:4"", ""slide:5""]"
030-csumb-dark.pptx,9,hint,Montserrat ExtraBold,latin,title,master,700,False,[38.0],0,0,"[""slide:2""]"
030-csumb-dark.pptx,9,hint,Montserrat,latin,body,master,700,False,"[16.0, 22.0]",0,0,"[""slide:3"", ""slide:5""]"
030-csumb-dark.pptx,9,hint,Montserrat,latin,other,master,700,False,[16.0],0,0,"[""slide:4""]"
030-csumb-dark.pptx,10,hint,Montserrat ExtraBold,latin,title,master,700,False,[54.0],0,0,"[""slide:3""]"
030-csumb-dark.pptx,10,hint,Montserrat,latin,body,master,700,False,[24.0],0,0,"[""slide:4""]"
030-csumb-dark.pptx,10,hint,Montserrat,latin,other,master,700,False,[16.0],0,0,"[""slide:2""]"
030-csumb-dark.pptx,11,hint,Montserrat ExtraBold,latin,title,master,700,False,[54.0],0,0,"[""slide:3""]"
030-csumb-dark.pptx,11,hint,Montserrat,latin,body,master,700,False,[22.0],0,0,"[""slide:4""]"
030-csumb-dark.pptx,11,hint,Montserrat,latin,other,master,700,False,[16.0],0,0,"[""slide:2""]"
030-csumb-dark.pptx,12,hint,Montserrat ExtraBold,latin,title,master,700,False,[54.0],0,0,"[""slide:3""]"
030-csumb-dark.pptx,12,hint,Montserrat,latin,other,master,700,False,[24.0],0,0,"[""slide:2""]"
030-csumb-dark.pptx,13,hint,Montserrat ExtraLight,latin,title,layout,400,False,[40.0],0,0,"[""slide:2""]"
030-csumb-dark.pptx,13,hint,Montserrat,latin,body,master,700,False,[24.0],0,0,"[""slide:3""]"
030-csumb-dark.pptx,14,used,Montserrat ExtraBold,latin,other,slide,700,False,[60.0],20,2,"[""slide:2""]"
030-csumb-dark.pptx,14,used,Montserrat ExtraLight,latin,other,slide,400,False,[36.0],32,1,"[""slide:3""]"
030-csumb-dark.pptx,14,used,Montserrat Light,latin,other,slide,,,[12.0],75,4,"[""slide:11"", ""slide:5"", ""slide:8""]"
030-csumb-dark.pptx,14,used,Montserrat,latin,other,slide,700,,[12.0],35,3,"[""slide:11"", ""slide:5"", ""slide:8""]"
031-native-american-heritage.potx,1,used,Aptos Display,latin,other,master,,,[10.0],7,2,"[""master:12"", ""master:13""]"
031-native-american-heritage.potx,1,used,Aptos,latin,other,master,400,False,[12.0],20,2,"[""master:14""]"
031-native-american-heritage.potx,1,used,Calibri,latin,subtitle,master,,,[36.0],28,1,"[""slide:3""]"
031-native-american-heritage.potx,1,used,Calibri,latin,title,master,700,,[66.0],26,1,"[""slide:2""]"
031-native-american-heritage.potx,2,used,Aptos Display,latin,other,master,,,[10.0],7,2,"[""master:12"", ""master:13""]"
031-native-american-heritage.potx,2,used,Aptos,latin,other,master,400,False,[12.0],20,2,"[""master:14""]"
031-native-american-heritage.potx,2,used,Calibri,latin,body,master,,,[28.0],400,3,"[""slide:5""]"
031-native-american-heritage.potx,2,used,Calibri,latin,footer,master,,,[12.0],21,3,"[""slide:6"", ""slide:7"", ""slide:8""]"
031-native-american-heritage.potx,2,used,Calibri,latin,title,master,700,,[44.0],19,1,"[""slide:4""]"
031-native-american-heritage.potx,3,used,Aptos Display,latin,other,master,,,[10.0],7,2,"[""master:12"", ""master:13""]"
031-native-american-heritage.potx,3,used,Aptos,latin,other,master,400,False,[12.0],20,2,"[""master:14""]"
031-native-american-heritage.potx,3,used,Calibri,latin,body,master,,,[28.0],400,3,"[""slide:5""]"
031-native-american-heritage.potx,3,used,Calibri,latin,footer,master,,,[12.0],21,3,"[""slide:2"", ""slide:3"", ""slide:6""]"
031-native-american-heritage.potx,3,used,Calibri,latin,title,master,700,,[44.0],19,1,"[""slide:4""]"
031-native-american-heritage.potx,4,used,Aptos Display,latin,other,master,,,[10.0],7,2,"[""master:12"", ""master:13""]"
031-native-american-heritage.potx,4,used,Aptos,latin,other,master,400,False,[12.0],20,2,"[""master:14""]"
031-native-american-heritage.potx,4,used,Calibri,latin,body,master,,,[28.0],38,1,"[""slide:5""]"
031-native-american-heritage.potx,4,used,Calibri,latin,footer,master,,,[12.0],21,3,"[""slide:6"", ""slide:7"", ""slide:8""]"
031-native-american-heritage.potx,4,used,Calibri,latin,title,master,700,,[60.0],21,1,"[""slide:4""]"
031-native-american-heritage.potx,5,used,Aptos Display,latin,other,master,,,[10.0],7,2,"[""master:12"", ""master:13""]"
031-native-american-heritage.potx,5,used,Aptos,latin,other,master,400,False,[12.0],20,2,"[""master:14""]"
031-native-american-heritage.potx,5,used,Calibri,latin,body,master,,,[28.0],38,1,"[""slide:5""]"
031-native-american-heritage.potx,5,used,Calibri,latin,footer,master,,,[12.0],21,3,"[""slide:2"", ""slide:3"", ""slide:6""]"
031-native-american-heritage.potx,5,used,Calibri,latin,title,master,700,,[60.0],21,1,"[""slide:4""]"
031-native-american-heritage.potx,6,used,Aptos Display,latin,other,master,,,[10.0],7,2,"[""master:12"", ""master:13""]"
031-native-american-heritage.potx,6,used,Aptos,latin,other,master,400,False,[12.0],20,2,"[""master:14""]"
031-native-american-heritage.potx,6,used,Aptos,latin,other,master,,,[12.0],60,4,"[""slide:10"", ""slide:14"", ""slide:18""]"
031-native-american-heritage.potx,6,used,Calibri,latin,body,master,,,[28.0],83,1,"[""slide:3""]"
031-native-american-heritage.potx,6,used,Calibri,latin,footer,master,,,[12.0],21,3,"[""slide:4"", ""slide:5"", ""slide:6""]"
031-native-american-heritage.potx,6,used,Calibri,latin,title,master,700,,[60.0],10,1,"[""slide:2""]"
031-native-american-heritage.potx,6,hint,Aptos,latin,other,master,,,[18.0],0,0,"[""slide:28"", ""slide:30"", ""slide:32""]"
031-native-american-heritage.potx,7,used,Aptos Display,latin,other,layout,700,,"[14.0, 16.0, 32.0]",137,14,"[""layout:214"", ""layout:216"", ""layout:218"", ""layout:220"", ""layout:222"", ""layout:224"", ""layout:226"", ""layout:228"", ""layout:230"", ""layout:232"", ""layout:234"", ""layout:236"", ""layout:246"", ""layout:248""]"
031-native-american-heritage.potx,7,used,Aptos Display,latin,other,master,,,[10.0],7,2,"[""master:12"", ""master:13""]"
031-native-american-heritage.potx,7,used,Aptos,latin,other,master,400,False,[12.0],20,2,"[""master:14""]"
031-native-american-heritage.potx,7,used,Calibri,latin,other,layout,700,,[115.0],2,1,"[""layout:244""]"
031-native-american-heritage.potx,7,used,Calibri,latin,other,layout,,,[16.0],72,1,"[""layout:250""]"
031-native-american-heritage.potx,7,used,Calibri,latin,title,master,700,,[44.0],20,1,"[""slide:3""]"
031-native-american-heritage.potx,8,used,Calibri Light,latin,other,layout,400,False,"[18.0, 22.0]",66,2,"[""layout:14"", ""layout:17""]"
031-native-american-heritage.potx,8,used,Calibri Light,latin,other,layout,,,[18.0],8,1,"[""layout:3""]"
031-native-american-heritage.potx,8,used,Calibri Light,latin,other,master,,,[10.0],7,2,"[""master:12"", ""master:13""]"
031-native-american-heritage.potx,8,used,Calibri Light,latin,other,slide,400,False,[16.0],40,3,"[""slide:2""]"
031-native-american-heritage.potx,8,used,Calibri Light,latin,other,slide,700,False,[16.0],3,1,"[""slide:2""]"
031-native-american-heritage.potx,8,used,Calibri,latin,other,layout,700,False,[28.0],24,1,"[""layout:16""]"
031-native-american-heritage.potx,8,used,Calibri,latin,other,master,400,False,[12.0],20,2,"[""master:14""]"
031-native-american-heritage.potx,8,used,Calibri,latin,other,master,,,[18.0],13,1,"[""layout:3""]"
032-native-american-heritage-duplicate.potx,1,used,Aptos Display,latin,other,master,,,[10.0],7,2,"[""master:12"", ""master:13""]"
032-native-american-heritage-duplicate.potx,1,used,Aptos,latin,other,master,400,False,[12.0],20,2,"[""master:14""]"
032-native-american-heritage-duplicate.potx,1,used,Calibri,latin,subtitle,master,,,[36.0],28,1,"[""slide:3""]"
032-native-american-heritage-duplicate.potx,1,used,Calibri,latin,title,master,700,,[66.0],26,1,"[""slide:2""]"
032-native-american-heritage-duplicate.potx,2,used,Aptos Display,latin,other,master,,,[10.0],7,2,"[""master:12"", ""master:13""]"
032-native-american-heritage-duplicate.potx,2,used,Aptos,latin,other,master,400,False,[12.0],20,2,"[""master:14""]"
032-native-american-heritage-duplicate.potx,2,used,Calibri,latin,body,master,,,[28.0],400,3,"[""slide:5""]"
032-native-american-heritage-duplicate.potx,2,used,Calibri,latin,footer,master,,,[12.0],21,3,"[""slide:6"", ""slide:7"", ""slide:8""]"
032-native-american-heritage-duplicate.potx,2,used,Calibri,latin,title,master,700,,[44.0],19,1,"[""slide:4""]"
032-native-american-heritage-duplicate.potx,3,used,Aptos Display,latin,other,master,,,[10.0],7,2,"[""master:12"", ""master:13""]"
032-native-american-heritage-duplicate.potx,3,used,Aptos,latin,other,master,400,False,[12.0],20,2,"[""master:14""]"
032-native-american-heritage-duplicate.potx,3,used,Calibri,latin,body,master,,,[28.0],400,3,"[""slide:5""]"
032-native-american-heritage-duplicate.potx,3,used,Calibri,latin,footer,master,,,[12.0],21,3,"[""slide:2"", ""slide:3"", ""slide:6""]"
032-native-american-heritage-duplicate.potx,3,used,Calibri,latin,title,master,700,,[44.0],19,1,"[""slide:4""]"
032-native-american-heritage-duplicate.potx,4,used,Aptos Display,latin,other,master,,,[10.0],7,2,"[""master:12"", ""master:13""]"
032-native-american-heritage-duplicate.potx,4,used,Aptos,latin,other,master,400,False,[12.0],20,2,"[""master:14""]"
032-native-american-heritage-duplicate.potx,4,used,Calibri,latin,body,master,,,[28.0],38,1,"[""slide:5""]"
032-native-american-heritage-duplicate.potx,4,used,Calibri,latin,footer,master,,,[12.0],21,3,"[""slide:6"", ""slide:7"", ""slide:8""]"
032-native-american-heritage-duplicate.potx,4,used,Calibri,latin,title,master,700,,[60.0],21,1,"[""slide:4""]"
032-native-american-heritage-duplicate.potx,5,used,Aptos Display,latin,other,master,,,[10.0],7,2,"[""master:12"", ""master:13""]"
032-native-american-heritage-duplicate.potx,5,used,Aptos,latin,other,master,400,False,[12.0],20,2,"[""master:14""]"
032-native-american-heritage-duplicate.potx,5,used,Calibri,latin,body,master,,,[28.0],38,1,"[""slide:5""]"
032-native-american-heritage-duplicate.potx,5,used,Calibri,latin,footer,master,,,[12.0],21,3,"[""slide:2"", ""slide:3"", ""slide:6""]"
032-native-american-heritage-duplicate.potx,5,used,Calibri,latin,title,master,700,,[60.0],21,1,"[""slide:4""]"
032-native-american-heritage-duplicate.potx,6,used,Aptos Display,latin,other,master,,,[10.0],7,2,"[""master:12"", ""master:13""]"
032-native-american-heritage-duplicate.potx,6,used,Aptos,latin,other,master,400,False,[12.0],20,2,"[""master:14""]"
032-native-american-heritage-duplicate.potx,6,used,Aptos,latin,other,master,,,[12.0],60,4,"[""slide:10"", ""slide:14"", ""slide:18""]"
032-native-american-heritage-duplicate.potx,6,used,Calibri,latin,body,master,,,[28.0],83,1,"[""slide:3""]"
032-native-american-heritage-duplicate.potx,6,used,Calibri,latin,footer,master,,,[12.0],21,3,"[""slide:4"", ""slide:5"", ""slide:6""]"
032-native-american-heritage-duplicate.potx,6,used,Calibri,latin,title,master,700,,[60.0],10,1,"[""slide:2""]"
032-native-american-heritage-duplicate.potx,6,hint,Aptos,latin,other,master,,,[18.0],0,0,"[""slide:28"", ""slide:30"", ""slide:32""]"
032-native-american-heritage-duplicate.potx,7,used,Aptos Display,latin,other,layout,700,,"[14.0, 16.0, 32.0]",137,14,"[""layout:214"", ""layout:216"", ""layout:218"", ""layout:220"", ""layout:222"", ""layout:224"", ""layout:226"", ""layout:228"", ""layout:230"", ""layout:232"", ""layout:234"", ""layout:236"", ""layout:246"", ""layout:248""]"
032-native-american-heritage-duplicate.potx,7,used,Aptos Display,latin,other,master,,,[10.0],7,2,"[""master:12"", ""master:13""]"
032-native-american-heritage-duplicate.potx,7,used,Aptos,latin,other,master,400,False,[12.0],20,2,"[""master:14""]"
032-native-american-heritage-duplicate.potx,7,used,Calibri,latin,other,layout,700,,[115.0],2,1,"[""layout:244""]"
032-native-american-heritage-duplicate.potx,7,used,Calibri,latin,other,layout,,,[16.0],72,1,"[""layout:250""]"
032-native-american-heritage-duplicate.potx,7,used,Calibri,latin,title,master,700,,[44.0],20,1,"[""slide:3""]"
032-native-american-heritage-duplicate.potx,8,used,Calibri Light,latin,other,layout,400,False,"[18.0, 22.0]",66,2,"[""layout:14"", ""layout:17""]"
032-native-american-heritage-duplicate.potx,8,used,Calibri Light,latin,other,layout,,,[18.0],8,1,"[""layout:3""]"
032-native-american-heritage-duplicate.potx,8,used,Calibri Light,latin,other,master,,,[10.0],7,2,"[""master:12"", ""master:13""]"
032-native-american-heritage-duplicate.potx,8,used,Calibri Light,latin,other,slide,400,False,[16.0],40,3,"[""slide:2""]"
032-native-american-heritage-duplicate.potx,8,used,Calibri Light,latin,other,slide,700,False,[16.0],3,1,"[""slide:2""]"
032-native-american-heritage-duplicate.potx,8,used,Calibri,latin,other,layout,700,False,[28.0],24,1,"[""layout:16""]"
032-native-american-heritage-duplicate.potx,8,used,Calibri,latin,other,master,400,False,[12.0],20,2,"[""master:14""]"
032-native-american-heritage-duplicate.potx,8,used,Calibri,latin,other,master,,,[18.0],13,1,"[""layout:3""]"
033-navy-contours.potx,1,used,Aptos Display,latin,other,master,,,[10.0],7,2,"[""master:12"", ""master:13""]"
033-navy-contours.potx,1,used,Aptos,latin,other,master,400,False,[12.0],20,2,"[""master:14""]"
033-navy-contours.potx,1,used,Calibri,latin,subtitle,master,,,[36.0],28,1,"[""slide:3""]"
033-navy-contours.potx,1,used,Calibri,latin,title,master,700,,[66.0],26,1,"[""slide:2""]"
033-navy-contours.potx,2,used,Aptos Display,latin,other,master,,,[10.0],7,2,"[""master:12"", ""master:13""]"
033-navy-contours.potx,2,used,Aptos,latin,other,master,400,False,[12.0],20,2,"[""master:14""]"
033-navy-contours.potx,2,used,Calibri,latin,body,master,,,[28.0],400,3,"[""slide:5""]"
033-navy-contours.potx,2,used,Calibri,latin,footer,master,,,[12.0],21,3,"[""slide:6"", ""slide:7"", ""slide:8""]"
033-navy-contours.potx,2,used,Calibri,latin,title,master,700,,[44.0],19,1,"[""slide:4""]"
033-navy-contours.potx,3,used,Aptos Display,latin,other,master,,,[10.0],7,2,"[""master:12"", ""master:13""]"
033-navy-contours.potx,3,used,Aptos,latin,other,master,400,False,[12.0],20,2,"[""master:14""]"
033-navy-contours.potx,3,used,Calibri,latin,body,master,,,[28.0],400,3,"[""slide:5""]"
033-navy-contours.potx,3,used,Calibri,latin,footer,master,,,[12.0],21,3,"[""slide:2"", ""slide:3"", ""slide:6""]"
033-navy-contours.potx,3,used,Calibri,latin,title,master,700,,[44.0],19,1,"[""slide:4""]"
033-navy-contours.potx,4,used,Aptos Display,latin,other,master,,,[10.0],7,2,"[""master:12"", ""master:13""]"
033-navy-contours.potx,4,used,Aptos,latin,other,master,400,False,[12.0],20,2,"[""master:14""]"
033-navy-contours.potx,4,used,Calibri,latin,body,master,,,[28.0],38,1,"[""slide:5""]"
033-navy-contours.potx,4,used,Calibri,latin,footer,master,,,[12.0],21,3,"[""slide:6"", ""slide:7"", ""slide:8""]"
033-navy-contours.potx,4,used,Calibri,latin,title,master,700,,[60.0],21,1,"[""slide:4""]"
033-navy-contours.potx,5,used,Aptos Display,latin,other,master,,,[10.0],7,2,"[""master:12"", ""master:13""]"
033-navy-contours.potx,5,used,Aptos,latin,other,master,400,False,[12.0],20,2,"[""master:14""]"
033-navy-contours.potx,5,used,Calibri,latin,body,master,,,[28.0],38,1,"[""slide:5""]"
033-navy-contours.potx,5,used,Calibri,latin,footer,master,,,[12.0],21,3,"[""slide:2"", ""slide:3"", ""slide:6""]"
033-navy-contours.potx,5,used,Calibri,latin,title,master,700,,[60.0],21,1,"[""slide:4""]"
033-navy-contours.potx,6,used,Aptos Display,latin,other,master,,,[10.0],7,2,"[""master:12"", ""master:13""]"
033-navy-contours.potx,6,used,Aptos,latin,other,master,400,False,[12.0],20,2,"[""master:14""]"
033-navy-contours.potx,6,used,Aptos,latin,other,master,,,[12.0],133,8,"[""slide:10"", ""slide:14"", ""slide:18"", ""slide:22"", ""slide:26""]"
033-navy-contours.potx,6,used,Calibri,latin,body,master,,,[28.0],83,1,"[""slide:3""]"
033-navy-contours.potx,6,used,Calibri,latin,footer,master,,,[12.0],21,3,"[""slide:4"", ""slide:5"", ""slide:6""]"
033-navy-contours.potx,6,used,Calibri,latin,title,master,700,,[60.0],10,1,"[""slide:2""]"
033-navy-contours.potx,6,hint,Aptos,latin,other,master,,,[18.0],0,0,"[""slide:28"", ""slide:30"", ""slide:32"", ""slide:34"", ""slide:35""]"
033-navy-contours.potx,7,used,Aptos Display,latin,other,layout,700,,"[14.0, 16.0, 32.0]",137,14,"[""layout:214"", ""layout:216"", ""layout:218"", ""layout:220"", ""layout:222"", ""layout:224"", ""layout:226"", ""layout:228"", ""layout:230"", ""layout:232"", ""layout:234"", ""layout:236"", ""layout:246"", ""layout:248""]"
033-navy-contours.potx,7,used,Aptos Display,latin,other,master,,,[10.0],7,2,"[""master:12"", ""master:13""]"
033-navy-contours.potx,7,used,Aptos Display,latin,title,slide,700,,[44.0],20,1,"[""slide:5""]"
033-navy-contours.potx,7,used,Aptos,latin,other,master,400,False,[12.0],20,2,"[""master:14""]"
033-navy-contours.potx,7,used,Calibri,latin,other,layout,700,,[115.0],2,1,"[""layout:244""]"
033-navy-contours.potx,7,used,Calibri,latin,other,layout,,,[16.0],72,1,"[""layout:250""]"
033-navy-contours.potx,8,used,Calibri Light,latin,other,layout,400,False,"[18.0, 22.0]",66,2,"[""layout:14"", ""layout:17""]"
033-navy-contours.potx,8,used,Calibri Light,latin,other,layout,,,[18.0],8,1,"[""layout:3""]"
033-navy-contours.potx,8,used,Calibri Light,latin,other,master,,,[10.0],7,2,"[""master:12"", ""master:13""]"
033-navy-contours.potx,8,used,Calibri Light,latin,other,slide,400,False,[16.0],40,3,"[""slide:2""]"
033-navy-contours.potx,8,used,Calibri Light,latin,other,slide,700,False,[16.0],3,1,"[""slide:2""]"
033-navy-contours.potx,8,used,Calibri,latin,other,layout,700,False,[28.0],24,1,"[""layout:16""]"
033-navy-contours.potx,8,used,Calibri,latin,other,master,400,False,[12.0],20,2,"[""master:14""]"
033-navy-contours.potx,8,used,Calibri,latin,other,master,,,[18.0],13,1,"[""layout:3""]"
034-european-heritage-days.pptx,1,used,Lora,latin,other,slide,700,False,[54.0],22,1,"[""slide:5""]"
034-european-heritage-days.pptx,2,used,Lora,latin,other,slide,700,,"[36.0, 40.0]",21,5,"[""slide:17"", ""slide:18"", ""slide:19"", ""slide:20"", ""slide:7""]"
034-european-heritage-days.pptx,2,used,Lora,latin,other,slide,,,[20.0],31,4,"[""slide:13"", ""slide:14"", ""slide:15"", ""slide:16""]"
034-european-heritage-days.pptx,2,hint,Calibri,latin,other,master,,,[18.0],0,0,"[""slide:3"", ""slide:6""]"
034-european-heritage-days.pptx,3,used,Lora,latin,other,slide,700,,"[48.0, 80.0]",8,2,"[""slide:6"", ""slide:7""]"
034-european-heritage-days.pptx,3,hint,Calibri,latin,other,master,,,[18.0],0,0,"[""slide:4""]"
034-european-heritage-days.pptx,4,used,Lora,latin,other,slide,700,,[36.0],7,1,"[""slide:8""]"
034-european-heritage-days.pptx,4,used,Lora,latin,other,slide,,,[16.0],506,1,"[""slide:3""]"
034-european-heritage-days.pptx,4,hint,Calibri,latin,other,master,,,[18.0],0,0,"[""slide:6"", ""slide:7""]"
034-european-heritage-days.pptx,5,used,Lora,latin,other,slide,700,,"[24.0, 44.0]",25,2,"[""slide:7"", ""slide:8""]"
034-european-heritage-days.pptx,5,used,Lora,latin,other,slide,,,[18.0],220,1,"[""slide:7""]"
034-european-heritage-days.pptx,5,hint,Calibri,latin,other,master,,,[18.0],0,0,"[""slide:2"", ""slide:5""]"
034-european-heritage-days.pptx,6,used,Lora,latin,other,slide,700,,"[24.0, 44.0]",37,2,"[""slide:3"", ""slide:8""]"
034-european-heritage-days.pptx,6,used,Lora,latin,other,slide,,,[18.0],250,1,"[""slide:3""]"
034-european-heritage-days.pptx,6,hint,Calibri,latin,other,master,,,[18.0],0,0,"[""slide:6""]"
034-european-heritage-days.pptx,7,used,Lora,latin,other,slide,700,,"[24.0, 44.0]",32,2,"[""slide:8"", ""slide:9""]"
034-european-heritage-days.pptx,7,used,Lora,latin,other,slide,,,[18.0],321,1,"[""slide:8""]"
034-european-heritage-days.pptx,7,hint,Calibri,latin,other,master,,,[18.0],0,0,"[""slide:2""]"
034-european-heritage-days.pptx,8,used,Lora,latin,other,slide,700,,"[24.0, 40.0]",50,2,"[""slide:3"", ""slide:8""]"
034-european-heritage-days.pptx,8,used,Lora,latin,other,slide,,,[18.0],172,1,"[""slide:3""]"
034-european-heritage-days.pptx,8,hint,Calibri,latin,other,master,,,[18.0],0,0,"[""slide:4"", ""slide:7""]"
034-european-heritage-days.pptx,9,used,Lora,latin,other,slide,700,,[24.0],20,1,"[""slide:5""]"
034-european-heritage-days.pptx,9,used,Lora,latin,other,slide,,,[18.0],203,1,"[""slide:5""]"
034-european-heritage-days.pptx,10,used,Lora,latin,other,slide,700,,[24.0],38,1,"[""slide:6""]"
034-european-heritage-days.pptx,10,used,Lora,latin,other,slide,,,[18.0],129,1,"[""slide:6""]"
034-european-heritage-days.pptx,10,hint,Calibri,latin,other,master,,,[18.0],0,0,"[""slide:4""]"
034-european-heritage-days.pptx,11,used,Lora,latin,other,slide,400,False,[20.0],240,1,"[""slide:3""]"
034-european-heritage-days.pptx,12,used,Lora,latin,other,slide,700,,"[48.0, 80.0]",11,2,"[""slide:6"", ""slide:7""]"
034-european-heritage-days.pptx,12,hint,Calibri,latin,other,master,,,[18.0],0,0,"[""slide:4""]"
034-european-heritage-days.pptx,13,used,Lora,latin,other,slide,700,False,"[20.0, 40.0]",34,3,"[""slide:13"", ""slide:3"", ""slide:5""]"
034-european-heritage-days.pptx,13,used,Lora,latin,other,slide,,,[18.0],94,5,"[""slide:16"", ""slide:17""]"
034-european-heritage-days.pptx,13,hint,Calibri,latin,other,master,,,[18.0],0,0,"[""slide:12"", ""slide:2"", ""slide:8""]"
034-european-heritage-days.pptx,13,hint,Calibri,latin,other,slide,400,False,[18.0],0,0,"[""slide:14"", ""slide:7""]"
034-european-heritage-days.pptx,14,used,Lora,latin,other,slide,700,False,"[20.0, 40.0]",30,3,"[""slide:11"", ""slide:3"", ""slide:6""]"
034-european-heritage-days.pptx,14,used,Lora,latin,other,slide,,,[18.0],74,4,"[""slide:8"", ""slide:9""]"
034-european-heritage-days.pptx,14,hint,Calibri,latin,other,master,,,[18.0],0,0,"[""slide:10"", ""slide:2"", ""slide:5""]"
034-european-heritage-days.pptx,14,hint,Calibri,latin,other,slide,400,False,[18.0],0,0,"[""slide:4"", ""slide:7""]"
034-european-heritage-days.pptx,15,used,Lora,latin,other,slide,700,,[54.0],2,1,"[""slide:70""]"
034-european-heritage-days.pptx,15,used,Lora,latin,other,slide,,False,[18.0],8,1,"[""slide:67""]"
034-european-heritage-days.pptx,15,used,Lora,latin,other,slide,,,[18.0],40,2,"[""slide:67""]"
034-european-heritage-days.pptx,15,hint,Calibri,latin,other,master,,,[18.0],0,0,"[""slide:10"", ""slide:11"", ""slide:12"", ""slide:13"", ""slide:14"", ""slide:15"", ""slide:16"", ""slide:17"", ""slide:18"", ""slide:19"", ""slide:20"", ""slide:21"", ""slide:22"", ""slide:23"", ""slide:24"", ""slide:25"", ""slide:26"", ""slide:27"", ""slide:28"", ""slide:29"", ""slide:3"", ""slide:30"", ""slide:31"", ""slide:32"", ""slide:33"", ""slide:34"", ""slide:35"", ""slide:36"", ""slide:37"", ""slide:38"", ""slide:39"", ""slide:4"", ""slide:40"", ""slide:41"", ""slide:42"", ""slide:43"", ""slide:44"", ""slide:45"", ""slide:46"", ""slide:47"", ""slide:48"", ""slide:49"", ""slide:5"", ""slide:50"", ""slide:51"", ""slide:52"", ""slide:53"", ""slide:54"", ""slide:55"", ""slide:56"", ""slide:57"", ""slide:58"", ""slide:59"", ""slide:6"", ""slide:60"", ""slide:61"", ""slide:62"", ""slide:63"", ""slide:64"", ""slide:66"", ""slide:7"", ""slide:8"", ""slide:9""]"
034-european-heritage-days.pptx,16,used,Lora,latin,other,slide,400,False,[32.0],203,1,"[""slide:6""]"
034-european-heritage-days.pptx,16,hint,Calibri,latin,other,master,,,[18.0],0,0,"[""slide:4""]"
034-european-heritage-days.pptx,17,used,Lora,latin,other,slide,700,,[40.0],8,1,"[""slide:6""]"
034-european-heritage-days.pptx,17,used,Lora,latin,other,slide,,,[18.0],199,5,"[""slide:8""]"
034-european-heritage-days.pptx,17,hint,Calibri,latin,other,master,,,[18.0],0,0,"[""slide:4"", ""slide:5""]"
034-european-heritage-days.pptx,18,used,Lora,latin,other,slide,700,False,[40.0],27,1,"[""slide:5""]"
034-european-heritage-days.pptx,18,used,Lora,latin,other,slide,700,,[40.0],8,1,"[""slide:5""]"
034-european-heritage-days.pptx,18,used,Lora,latin,other,slide,,,[18.0],161,3,"[""slide:7""]"
034-european-heritage-days.pptx,18,hint,Calibri,latin,other,master,,,[18.0],0,0,"[""slide:4""]"
034-european-heritage-days.pptx,19,used,Lora,latin,other,slide,700,,"[48.0, 80.0]",9,2,"[""slide:6"", ""slide:7""]"
034-european-heritage-days.pptx,19,hint,Calibri,latin,other,master,,,[18.0],0,0,"[""slide:4""]"
034-european-heritage-days.pptx,20,used,Lora,latin,other,slide,700,False,[32.0],12,3,"[""slide:3"", ""slide:5"", ""slide:7""]"
034-european-heritage-days.pptx,20,used,Lora,latin,other,slide,700,,[40.0],8,1,"[""slide:40""]"
034-european-heritage-days.pptx,20,used,Lora,latin,other,slide,,False,[20.0],50,2,"[""slide:37"", ""slide:38""]"
034-european-heritage-days.pptx,20,used,Lora,latin,other,slide,,,[20.0],35,1,"[""slide:36""]"
034-european-heritage-days.pptx,20,hint,Calibri,latin,other,master,,,[30.0],0,0,"[""slide:4"", ""slide:6"", ""slide:8""]"
034-european-heritage-days.pptx,21,used,Lora,latin,other,slide,700,False,[40.0],13,1,"[""slide:9""]"
034-european-heritage-days.pptx,21,used,Lora,latin,other,slide,700,,[18.0],110,3,"[""slide:6""]"
034-european-heritage-days.pptx,21,used,Lora,latin,other,slide,,,[18.0],267,3,"[""slide:6""]"
034-european-heritage-days.pptx,21,hint,Calibri,latin,other,master,,,[18.0],0,0,"[""slide:4"", ""slide:7""]"
034-european-heritage-days.pptx,22,used,Lora,latin,other,slide,700,,[18.0],65,2,"[""slide:6""]"
034-european-heritage-days.pptx,22,used,Lora,latin,other,slide,,,[18.0],234,2,"[""slide:6""]"
034-european-heritage-days.pptx,22,hint,Calibri,latin,other,master,,,[18.0],0,0,"[""slide:4""]"
034-european-heritage-days.pptx,22,hint,Lora,latin,other,slide,,,[18.0],0,0,"[""slide:6""]"
034-european-heritage-days.pptx,23,used,Lora,latin,other,slide,700,False,[40.0],7,1,"[""slide:8""]"
034-european-heritage-days.pptx,23,used,Lora,latin,other,slide,,,[18.0],393,5,"[""slide:3""]"
034-european-heritage-days.pptx,23,hint,Calibri,latin,other,master,,,[18.0],0,0,"[""slide:9""]"
034-european-heritage-days.pptx,23,hint,Calibri,latin,other,slide,400,False,[18.0],0,0,"[""slide:11"", ""slide:12"", ""slide:14"", ""slide:15"", ""slide:23"", ""slide:24"", ""slide:26"", ""slide:27"", ""slide:29"", ""slide:30""]"
034-european-heritage-days.pptx,24,used,Lora,latin,other,slide,700,False,[40.0],10,1,"[""slide:12""]"
034-european-heritage-days.pptx,24,used,Lora,latin,other,slide,,,[18.0],260,2,"[""slide:3""]"
034-european-heritage-days.pptx,24,hint,Calibri,latin,other,master,,,[18.0],0,0,"[""slide:11"", ""slide:5"", ""slide:6""]"
034-european-heritage-days.pptx,25,used,Lora,latin,other,slide,700,,"[20.0, 40.0]",119,4,"[""slide:16"", ""slide:5""]"
034-european-heritage-days.pptx,25,used,Lora,latin,other,slide,,,[16.0],735,3,"[""slide:5""]"
034-european-heritage-days.pptx,25,hint,Calibri,latin,other,slide,400,False,"[13.5, 18.0]",0,0,"[""slide:10"", ""slide:11"", ""slide:13"", ""slide:14"", ""slide:7"", ""slide:8""]"
034-european-heritage-days.pptx,26,used,Lora,latin,other,slide,700,False,"[40.0, 44.0]",20,4,"[""slide:3"", ""slide:4"", ""slide:5"", ""slide:6""]"
034-european-heritage-days.pptx,26,used,Lora,latin,other,slide,,False,[20.0],21,3,"[""slide:10"", ""slide:12"", ""slide:14""]"
034-european-heritage-days.pptx,26,hint,Calibri,latin,other,master,,,[18.0],0,0,"[""slide:2""]"
034-european-heritage-days.pptx,27,used,Lora,latin,other,slide,400,False,[18.0],271,3,"[""slide:8""]"
034-european-heritage-days.pptx,27,used,Lora,latin,other,slide,700,False,[40.0],20,1,"[""slide:6""]"
034-european-heritage-days.pptx,27,hint,Calibri,latin,other,slide,400,False,[18.0],0,0,"[""slide:10"", ""slide:11"", ""slide:13"", ""slide:14"", ""slide:16"", ""slide:17""]"
034-european-heritage-days.pptx,28,used,Lora,latin,other,slide,700,,"[48.0, 80.0]",6,2,"[""slide:6"", ""slide:7""]"
034-european-heritage-days.pptx,28,hint,Calibri,latin,other,master,,,[18.0],0,0,"[""slide:4""]"
034-european-heritage-days.pptx,29,used,Lora,latin,other,slide,700,,"[32.0, 40.0]",16,4,"[""slide:24"", ""slide:25"", ""slide:26"", ""slide:27""]"
034-european-heritage-days.pptx,29,used,Lora,latin,other,slide,,,[18.0],120,15,"[""slide:29"", ""slide:30"", ""slide:31"", ""slide:32"", ""slide:33"", ""slide:35"", ""slide:36"", ""slide:37"", ""slide:38"", ""slide:39"", ""slide:40"", ""slide:41"", ""slide:42"", ""slide:43"", ""slide:44""]"
034-european-heritage-days.pptx,29,hint,Calibri,latin,other,master,,,"[18.0, 30.0]",0,0,"[""slide:12"", ""slide:13"", ""slide:14"", ""slide:18"", ""slide:19"", ""slide:20"", ""slide:46"", ""slide:47"", ""slide:48"", ""slide:6"", ""slide:7"", ""slide:8""]"
034-european-heritage-days.pptx,30,used,Lora,latin,other,slide,400,False,[32.0],179,1,"[""slide:6""]"
034-european-heritage-days.pptx,30,hint,Calibri,latin,other,master,,,[18.0],0,0,"[""slide:4""]"
034-european-heritage-days.pptx,31,used,Georgia,latin,other,slide,700,,[36.0],5,1,"[""slide:474""]"
034-european-heritage-days.pptx,31,hint,Segoe UI,latin,other,slide,,,[18.0],0,0,"[""slide:10"", ""slide:100"", ""slide:102"", ""slide:103"", ""slide:104"", ""slide:105"", ""slide:106"", ""slide:107"", ""slide:108"", ""slide:109"", ""slide:11"", ""slide:110"", ""slide:112"", ""slide:113"", ""slide:115"", ""slide:116"", ""slide:117"", ""slide:118"", ""slide:12"", ""slide:120"", ""slide:121"", ""slide:122"", ""slide:123"", ""slide:125"", ""slide:126"", ""slide:128"", ""slide:129"", ""slide:13"", ""slide:130"", ""slide:131"", ""slide:133"", ""slide:134"", ""slide:135"", ""slide:136"", ""slide:138"", ""slide:139"", ""slide:140"", ""slide:141"", ""slide:142"", ""slide:143"", ""slide:144"", ""slide:145"", ""slide:146"", ""slide:147"", ""slide:148"", ""slide:149"", ""slide:15"", ""slide:150"", ""slide:151"", ""slide:152"", ""slide:153"", ""slide:155"", ""slide:156"", ""slide:157"", ""slide:158"", ""slide:16"", ""slide:160"", ""slide:161"", ""slide:162"", ""slide:163"", ""slide:164"", ""slide:166"", ""slide:167"", ""slide:168"", ""slide:170"", ""slide:171"", ""slide:172"", ""slide:174"", ""slide:175"", ""slide:176"", ""slide:177"", ""slide:178"", ""slide:18"", ""slide:180"", ""slide:181"", ""slide:182"", ""slide:183"", ""slide:184"", ""slide:185"", ""slide:186"", ""slide:188"", ""slide:189"", ""slide:19"", ""slide:190"", ""slide:192"", ""slide:193"", ""slide:194"", ""slide:196"", ""slide:197"", ""slide:198"", ""slide:199"", ""slide:20"", ""slide:201"", ""slide:202"", ""slide:203"", ""slide:204"", ""slide:205"", ""slide:207"", ""slide:208"", ""slide:210"", ""slide:211"", ""slide:212"", ""slide:213"", ""slide:214"", ""slide:215"", ""slide:216"", ""slide:218"", ""slide:219"", ""slide:22"", ""slide:220"", ""slide:221"", ""slide:222"", ""slide:223"", ""slide:224"", ""slide:226"", ""slide:227"", ""slide:228"", ""slide:229"", ""slide:23"", ""slide:230"", ""slide:232"", ""slide:233"", ""slide:234"", ""slide:235"", ""slide:236"", ""slide:237"", ""slide:239"", ""slide:24"", ""slide:240"", ""slide:241"", ""slide:242"", ""slide:244"", ""slide:245"", ""slide:246"", ""slide:247"", ""slide:248"", ""slide:249"", ""slide:25"", ""slide:250"", ""slide:251"", ""slide:253"", ""slide:254"", ""slide:255"", ""slide:256"", ""slide:257"", ""slide:259"", ""slide:26"", ""slide:260"", ""slide:261"", ""slide:262"", ""slide:264"", ""slide:265"", ""slide:266"", ""slide:267"", ""slide:268"", ""slide:27"", ""slide:270"", ""slide:271"", ""slide:272"", ""slide:273"", ""slide:274"", ""slide:275"", ""slide:276"", ""slide:277"", ""slide:278"", ""slide:279"", ""slide:28"", ""slide:280"", ""slide:281"", ""slide:283"", ""slide:284"", ""slide:285"", ""slide:286"", ""slide:287"", ""slide:288"", ""slide:290"", ""slide:291"", ""slide:292"", ""slide:293"", ""slide:294"", ""slide:295"", ""slide:296"", ""slide:298"", ""slide:299"", ""slide:30"", ""slide:300"", ""slide:301"", ""slide:303"", ""slide:304"", ""slide:305"", ""slide:306"", ""slide:308"", ""slide:309"", ""slide:31"", ""slide:310"", ""slide:311"", ""slide:312"", ""slide:313"", ""slide:315"", ""slide:316"", ""slide:317"", ""slide:319"", ""slide:32"", ""slide:320"", ""slide:321"", ""slide:322"", ""slide:323"", ""slide:324"", ""slide:326"", ""slide:327"", ""slide:328"", ""slide:329"", ""slide:33"", ""slide:330"", ""slide:331"", ""slide:332"", ""slide:334"", ""slide:335"", ""slide:336"", ""slide:338"", ""slide:339"", ""slide:340"", ""slide:341"", ""slide:342"", ""slide:343"", ""slide:345"", ""slide:346"", ""slide:347"", ""slide:349"", ""slide:35"", ""slide:350"", ""slide:351"", ""slide:353"", ""slide:354"", ""slide:355"", ""slide:357"", ""slide:358"", ""slide:359"", ""slide:36"", ""slide:360"", ""slide:361"", ""slide:362"", ""slide:363"", ""slide:364"", ""slide:366"", ""slide:367"", ""slide:368"", ""slide:369"", ""slide:370"", ""slide:371"", ""slide:372"", ""slide:373"", ""slide:375"", ""slide:376"", ""slide:377"", ""slide:379"", ""slide:38"", ""slide:380"", ""slide:381"", ""slide:382"", ""slide:383"", ""slide:384"", ""slide:385"", ""slide:386"", ""slide:388"", ""slide:389"", ""slide:39"", ""slide:390"", ""slide:391"", ""slide:392"", ""slide:393"", ""slide:394"", ""slide:395"", ""slide:397"", ""slide:398"", ""slide:399"", ""slide:40"", ""slide:400"", ""slide:402"", ""slide:403"", ""slide:404"", ""slide:405"", ""slide:406"", ""slide:407"", ""slide:408"", ""slide:410"", ""slide:411"", ""slide:412"", ""slide:413"", ""slide:414"", ""slide:415"", ""slide:417"", ""slide:418"", ""slide:419"", ""slide:42"", ""slide:420"", ""slide:421"", ""slide:423"", ""slide:424"", ""slide:425"", ""slide:427"", ""slide:428"", ""slide:429"", ""slide:43"", ""slide:430"", ""slide:431"", ""slide:432"", ""slide:433"", ""slide:435"", ""slide:436"", ""slide:437"", ""slide:439"", ""slide:44"", ""slide:440"", ""slide:441"", ""slide:442"", ""slide:443"", ""slide:445"", ""slide:446"", ""slide:447"", ""slide:448"", ""slide:450"", ""slide:451"", ""slide:452"", ""slide:453"", ""slide:454"", ""slide:456"", ""slide:457"", ""slide:458"", ""slide:459"", ""slide:46"", ""slide:460"", ""slide:461"", ""slide:462"", ""slide:464"", ""slide:465"", ""slide:466"", ""slide:467"", ""slide:468"", ""slide:469"", ""slide:47"", ""slide:48"", ""slide:49"", ""slide:5"", ""slide:50"", ""slide:51"", ""slide:52"", ""slide:54"", ""slide:55"", ""slide:56"", ""slide:57"", ""slide:59"", ""slide:6"", ""slide:60"", ""slide:61"", ""slide:63"", ""slide:64"", ""slide:65"", ""slide:66"", ""slide:67"", ""slide:68"", ""slide:69"", ""slide:7"", ""slide:71"", ""slide:72"", ""slide:74"", ""slide:75"", ""slide:76"", ""slide:77"", ""slide:79"", ""slide:8"", ""slide:80"", ""slide:81"", ""slide:82"", ""slide:83"", ""slide:85"", ""slide:86"", ""slide:87"", ""slide:88"", ""slide:90"", ""slide:91"", ""slide:92"", ""slide:94"", ""slide:95"", ""slide:96"", ""slide:98"", ""slide:99""]"
034-european-heritage-days.pptx,32,used,Georgia,latin,other,slide,700,,[36.0],5,1,"[""slide:474""]"
034-european-heritage-days.pptx,32,hint,Segoe UI,latin,other,slide,,,[24.0],0,0,"[""slide:2"", ""slide:470"", ""slide:475"", ""slide:476"", ""slide:478"", ""slide:479"", ""slide:480"", ""slide:482"", ""slide:483"", ""slide:485"", ""slide:486"", ""slide:487"", ""slide:489"", ""slide:490"", ""slide:491"", ""slide:492"", ""slide:493"", ""slide:495"", ""slide:496"", ""slide:497"", ""slide:498"", ""slide:499"", ""slide:500"", ""slide:501"", ""slide:502"", ""slide:503"", ""slide:504"", ""slide:505"", ""slide:507"", ""slide:508"", ""slide:509"", ""slide:510"", ""slide:512"", ""slide:513"", ""slide:515"", ""slide:516"", ""slide:518"", ""slide:519"", ""slide:520"", ""slide:521"", ""slide:522"", ""slide:524"", ""slide:525"", ""slide:526"", ""slide:528"", ""slide:529"", ""slide:530"", ""slide:531"", ""slide:532"", ""slide:533"", ""slide:534"", ""slide:536"", ""slide:537"", ""slide:538"", ""slide:540"", ""slide:541"", ""slide:542"", ""slide:543"", ""slide:544"", ""slide:545"", ""slide:546"", ""slide:547"", ""slide:549"", ""slide:550"", ""slide:551"", ""slide:552"", ""slide:553"", ""slide:554"", ""slide:555"", ""slide:556"", ""slide:557"", ""slide:559"", ""slide:560"", ""slide:562"", ""slide:563"", ""slide:564"", ""slide:566"", ""slide:567"", ""slide:568"", ""slide:569"", ""slide:571"", ""slide:572"", ""slide:573"", ""slide:574"", ""slide:575"", ""slide:576"", ""slide:577"", ""slide:578"", ""slide:580"", ""slide:581"", ""slide:583"", ""slide:584"", ""slide:586"", ""slide:587"", ""slide:588"", ""slide:589"", ""slide:591"", ""slide:592"", ""slide:594"", ""slide:595"", ""slide:597"", ""slide:598"", ""slide:600"", ""slide:601"", ""slide:602"", ""slide:603"", ""slide:605"", ""slide:606"", ""slide:608"", ""slide:609"", ""slide:610"", ""slide:612"", ""slide:613"", ""slide:614"", ""slide:615"", ""slide:616"", ""slide:618"", ""slide:619"", ""slide:620"", ""slide:621"", ""slide:622"", ""slide:623"", ""slide:624"", ""slide:626"", ""slide:627"", ""slide:628"", ""slide:629"", ""slide:631"", ""slide:632"", ""slide:633"", ""slide:634"", ""slide:636"", ""slide:637"", ""slide:638"", ""slide:639"", ""slide:640"", ""slide:641"", ""slide:642"", ""slide:643"", ""slide:644"", ""slide:645"", ""slide:646"", ""slide:648"", ""slide:649"", ""slide:650"", ""slide:652"", ""slide:653"", ""slide:655"", ""slide:656"", ""slide:658"", ""slide:659"", ""slide:660"", ""slide:662"", ""slide:663"", ""slide:665"", ""slide:666"", ""slide:667"", ""slide:668"", ""slide:670"", ""slide:671"", ""slide:672"", ""slide:674"", ""slide:675"", ""slide:676"", ""slide:677"", ""slide:678"", ""slide:680"", ""slide:681"", ""slide:683"", ""slide:684"", ""slide:686"", ""slide:687"", ""slide:689"", ""slide:690"", ""slide:692"", ""slide:693"", ""slide:694"", ""slide:696"", ""slide:697"", ""slide:698"", ""slide:699"", ""slide:701"", ""slide:702"", ""slide:703"", ""slide:704"", ""slide:705"", ""slide:707"", ""slide:708""]"
034-european-heritage-days.pptx,33,used,Georgia,latin,body,slide,700,,[18.0],6,1,"[""slide:2858""]"
034-european-heritage-days.pptx,33,used,Georgia,latin,body,slide,,,[18.0],85,2,"[""slide:2858""]"
034-european-heritage-days.pptx,33,used,Georgia,latin,other,slide,700,,[18.0],80,6,"[""slide:2859""]"
034-european-heritage-days.pptx,33,used,Georgia,latin,other,slide,,,[18.0],729,15,"[""slide:2859""]"
034-european-heritage-days.pptx,33,used,Georgia,latin,title,slide,700,,[36.0],18,1,"[""slide:2857""]"
034-european-heritage-days.pptx,33,hint,Georgia,latin,body,slide,,,[18.0],0,0,"[""slide:2858""]"
034-european-heritage-days.pptx,34,used,Georgia,latin,other,slide,700,,"[18.0, 20.0, 36.0]",77,9,"[""slide:2"", ""slide:3"", ""slide:9""]"
034-european-heritage-days.pptx,34,used,Georgia,latin,other,slide,,,"[18.0, 20.0]",561,17,"[""slide:3"", ""slide:9""]"
034-european-heritage-days.pptx,34,hint,Georgia,latin,other,slide,700,,[18.0],0,0,"[""slide:3""]"
034-european-heritage-days.pptx,34,hint,Georgia,latin,other,slide,,,[18.0],0,0,"[""slide:3""]"
034-european-heritage-days.pptx,35,used,Georgia,latin,other,slide,700,,"[16.0, 18.0, 36.0]",80,8,"[""slide:2"", ""slide:3"", ""slide:6""]"
034-european-heritage-days.pptx,35,used,Georgia,latin,other,slide,,,"[16.0, 18.0]",760,18,"[""slide:3"", ""slide:6""]"
034-european-heritage-days.pptx,35,hint,Georgia,latin,other,slide,,,[16.0],0,0,"[""slide:3""]"
034-european-heritage-days.pptx,36,used,Georgia,latin,other,slide,700,,"[14.0, 18.0, 54.0]",25,3,"[""slide:2"", ""slide:3"", ""slide:8""]"
034-european-heritage-days.pptx,36,used,Georgia,latin,other,slide,,,"[14.0, 18.0]",221,8,"[""slide:2"", ""slide:3"", ""slide:8""]"
034-european-heritage-days.pptx,36,used,Segoe UI,latin,other,slide,,,[16.0],16,1,"[""slide:5""]"
035-international-day-of-peace.pptx,1,used,Poppins,latin,other,slide,400,False,[20.0],12,1,"[""slide:33""]"
035-international-day-of-peace.pptx,1,used,Poppins,latin,other,slide,700,False,[54.0],26,1,"[""slide:31""]"
035-international-day-of-peace.pptx,1,used,Poppins,latin,other,slide,,,[14.0],123,1,"[""slide:3""]"
035-international-day-of-peace.pptx,1,hint,Aptos,latin,other,master,,,[18.0],0,0,"[""slide:17"", ""slide:19"", ""slide:198"", ""slide:202"", ""slide:203"", ""slide:204"", ""slide:205"", ""slide:206"", ""slide:207"", ""slide:208"", ""slide:209"", ""slide:210"", ""slide:211"", ""slide:212"", ""slide:215"", ""slide:216"", ""slide:217"", ""slide:218"", ""slide:219"", ""slide:220"", ""slide:221"", ""slide:222"", ""slide:223"", ""slide:224"", ""slide:225"", ""slide:226"", ""slide:227"", ""slide:228"", ""slide:23"", ""slide:230"", ""slide:234"", ""slide:235"", ""slide:236"", ""slide:237"", ""slide:238"", ""slide:239"", ""slide:240"", ""slide:241"", ""slide:242"", ""slide:243"", ""slide:244"", ""slide:245"", ""slide:246"", ""slide:247"", ""slide:248"", ""slide:249"", ""slide:250"", ""slide:251"", ""slide:252"", ""slide:253"", ""slide:254"", ""slide:255"", ""slide:256"", ""slide:257"", ""slide:258"", ""slide:259"", ""slide:263"", ""slide:264"", ""slide:265"", ""slide:266"", ""slide:267"", ""slide:268"", ""slide:269"", ""slide:270"", ""slide:271"", ""slide:272"", ""slide:273"", ""slide:274"", ""slide:275"", ""slide:276"", ""slide:277"", ""slide:278"", ""slide:279"", ""slide:280"", ""slide:281"", ""slide:282"", ""slide:283"", ""slide:284"", ""slide:285"", ""slide:286"", ""slide:287"", ""slide:288"", ""slide:289"", ""slide:290"", ""slide:5""]"
035-international-day-of-peace.pptx,2,used,Poppins,latin,other,slide,700,,[36.0],26,2,"[""slide:2""]"
035-international-day-of-peace.pptx,2,used,Poppins,latin,other,slide,,,[13.33],341,1,"[""slide:13""]"
035-international-day-of-peace.pptx,3,used,Poppins,latin,other,slide,700,,"[36.0, 58.67]",42,2,"[""slide:11"", ""slide:2""]"
035-international-day-of-peace.pptx,3,used,Poppins,latin,other,slide,,,"[13.33, 16.0]",330,2,"[""slide:12"", ""slide:9""]"
035-international-day-of-peace.pptx,3,hint,Poppins,latin,other,slide,,,[12.0],0,0,"[""slide:10""]"
035-international-day-of-peace.pptx,4,used,Poppins,latin,other,slide,700,,[36.0],84,2,"[""slide:2""]"
035-international-day-of-peace.pptx,4,used,Poppins,latin,other,slide,,,[13.33],227,1,"[""slide:6""]"
035-international-day-of-peace.pptx,4,hint,Aptos,latin,other,master,,,[12.0],0,0,"[""slide:8""]"
035-international-day-of-peace.pptx,5,used,Poppins,latin,other,slide,700,,[32.0],39,1,"[""slide:4""]"
035-international-day-of-peace.pptx,5,used,Poppins,latin,other,slide,,,[14.0],272,2,"[""slide:5"", ""slide:6""]"
035-international-day-of-peace.pptx,6,used,Poppins,latin,other,slide,700,,"[13.33, 16.0, 40.0]",54,7,"[""slide:10"", ""slide:11"", ""slide:14"", ""slide:2"", ""slide:3"", ""slide:6"", ""slide:7""]"
035-international-day-of-peace.pptx,6,used,Poppins,latin,other,slide,,,[13.33],432,4,"[""slide:12"", ""slide:16"", ""slide:4"", ""slide:8""]"
035-international-day-of-peace.pptx,6,hint,Poppins,latin,other,slide,700,,[12.0],0,0,"[""slide:13"", ""slide:5"", ""slide:9""]"
035-international-day-of-peace.pptx,7,used,Poppins,latin,other,slide,700,,"[32.0, 36.0]",26,4,"[""slide:12"", ""slide:2"", ""slide:9""]"
035-international-day-of-peace.pptx,7,used,Poppins,latin,other,slide,,,[14.0],352,3,"[""slide:10"", ""slide:13"", ""slide:7""]"
035-international-day-of-peace.pptx,7,hint,Poppins,latin,other,slide,,,[11.0],0,0,"[""slide:11"", ""slide:8""]"
035-international-day-of-peace.pptx,8,used,Poppins,latin,other,slide,700,,"[16.0, 36.0]",56,2,"[""slide:2"", ""slide:9""]"
035-international-day-of-peace.pptx,8,used,Poppins,latin,other,slide,,,[14.0],255,1,"[""slide:10""]"
035-international-day-of-peace.pptx,9,used,Poppins,latin,other,slide,700,,"[28.0, 36.0]",22,2,"[""slide:11"", ""slide:2""]"
035-international-day-of-peace.pptx,9,used,Poppins,latin,other,slide,,,"[10.0, 13.33]",440,2,"[""slide:12"", ""slide:9""]"
035-international-day-of-peace.pptx,9,hint,Aptos,latin,other,master,,,[11.0],0,0,"[""slide:6""]"
035-international-day-of-peace.pptx,10,used,Poppins,latin,other,slide,700,,"[36.0, 40.0]",31,2,"[""slide:10"", ""slide:2""]"
035-international-day-of-peace.pptx,10,used,Poppins,latin,other,slide,,,[13.33],237,2,"[""slide:11"", ""slide:16""]"
035-international-day-of-peace.pptx,10,hint,Aptos,latin,other,master,,,[12.0],0,0,"[""slide:3""]"
035-international-day-of-peace.pptx,11,used,Poppins,latin,other,slide,700,,[36.0],5,1,"[""slide:120""]"
035-international-day-of-peace.pptx,11,hint,Aptos,latin,other,master,,,[18.0],0,0,"[""slide:10"", ""slide:11"", ""slide:12"", ""slide:13"", ""slide:14"", ""slide:15"", ""slide:16"", ""slide:17"", ""slide:18"", ""slide:19"", ""slide:20"", ""slide:21"", ""slide:22"", ""slide:23"", ""slide:24"", ""slide:25"", ""slide:26"", ""slide:27"", ""slide:28"", ""slide:29"", ""slide:30"", ""slide:31"", ""slide:32"", ""slide:35"", ""slide:36"", ""slide:37"", ""slide:38"", ""slide:39"", ""slide:40"", ""slide:41"", ""slide:42"", ""slide:43"", ""slide:44"", ""slide:45"", ""slide:46"", ""slide:47"", ""slide:50"", ""slide:51"", ""slide:52"", ""slide:53"", ""slide:54"", ""slide:55"", ""slide:58"", ""slide:59"", ""slide:7"", ""slide:79"", ""slide:8"", ""slide:80"", ""slide:81"", ""slide:82"", ""slide:83"", ""slide:84"", ""slide:85"", ""slide:86"", ""slide:87"", ""slide:88"", ""slide:89"", ""slide:9"", ""slide:90"", ""slide:91"", ""slide:92""]"
035-international-day-of-peace.pptx,12,used,Poppins,latin,other,slide,400,False,[16.0],814,13,"[""slide:400"", ""slide:5""]"
035-international-day-of-peace.pptx,12,used,Poppins,latin,other,slide,700,False,"[16.0, 32.0]",104,8,"[""slide:400"", ""slide:401"", ""slide:5""]"
035-international-day-of-peace.pptx,13,used,Poppins,latin,other,slide,400,False,"[11.0, 12.0, 16.0]",562,20,"[""slide:13"", ""slide:14"", ""slide:15"", ""slide:16"", ""slide:17"", ""slide:6"", ""slide:7"", ""slide:8"", ""slide:9""]"
035-international-day-of-peace.pptx,13,used,Poppins,latin,other,slide,700,False,"[12.0, 16.0, 20.0, 24.0, 40.0]",243,12,"[""slide:10"", ""slide:4"", ""slide:6"", ""slide:7"", ""slide:8"", ""slide:9""]"
035-international-day-of-peace.pptx,13,hint,Calibri,latin,other,slide,400,False,[20.0],0,0,"[""slide:11""]"
035-international-day-of-peace.pptx,14,used,Poppins,latin,other,slide,400,False,"[14.0, 18.0]",237,7,"[""slide:10"", ""slide:12"", ""slide:14"", ""slide:15""]"
035-international-day-of-peace.pptx,14,used,Poppins,latin,other,slide,700,False,"[14.0, 18.0, 54.0]",25,3,"[""slide:12"", ""slide:14"", ""slide:15""]"
035-international-day-of-peace.pptx,14,hint,Poppins,latin,other,slide,400,False,[18.0],0,0,"[""slide:8""]"
036-tinkoff-journal-colorful.pptx,1,used,Jost Medium,latin,other,slide,400,False,"[10.0, 12.0, 43.0]",117,9,"[""slide:100"", ""slide:101"", ""slide:102"", ""slide:97""]"
036-tinkoff-journal-colorful.pptx,2,used,Jost Medium,latin,other,slide,400,False,"[10.0, 12.0, 43.0]",221,7,"[""slide:110"", ""slide:111"", ""slide:112"", ""slide:113""]"
036-tinkoff-journal-colorful.pptx,2,hint,Arial,latin,other,master,400,False,[14.0],0,0,"[""slide:111""]"
036-tinkoff-journal-colorful.pptx,3,used,Jost Medium,latin,other,slide,400,False,"[11.0, 16.0, 43.0]",134,16,"[""slide:120"", ""slide:121"", ""slide:122"", ""slide:123"", ""slide:124"", ""slide:125"", ""slide:127"", ""slide:128"", ""slide:129"", ""slide:130"", ""slide:131"", ""slide:132"", ""slide:133"", ""slide:134"", ""slide:135""]"
036-tinkoff-journal-colorful.pptx,3,hint,Arial,latin,other,master,400,False,[14.0],0,0,"[""slide:124"", ""slide:127"", ""slide:129"", ""slide:131"", ""slide:133"", ""slide:135""]"
036-tinkoff-journal-colorful.pptx,4,used,Jost Medium,latin,other,slide,400,False,"[10.0, 12.0, 16.0, 43.0]",548,12,"[""slide:141"", ""slide:142"", ""slide:143"", ""slide:144"", ""slide:145"", ""slide:146""]"
036-tinkoff-journal-colorful.pptx,4,hint,Arial,latin,other,master,400,False,[14.0],0,0,"[""slide:144"", ""slide:146""]"
036-tinkoff-journal-colorful.pptx,5,used,Jost Medium,latin,other,slide,400,False,"[10.0, 12.0, 43.0]",221,6,"[""slide:155"", ""slide:156"", ""slide:157""]"
036-tinkoff-journal-colorful.pptx,5,hint,Arial,latin,other,master,400,False,[14.0],0,0,"[""slide:156""]"
036-tinkoff-journal-colorful.pptx,6,used,Jost Medium,latin,other,slide,400,False,"[10.0, 43.0]",46,4,"[""slide:165"", ""slide:166"", ""slide:167""]"
036-tinkoff-journal-colorful.pptx,7,used,Jost Medium,latin,other,slide,400,False,"[10.0, 16.0, 43.0]",157,8,"[""slide:174"", ""slide:175"", ""slide:176"", ""slide:177""]"
036-tinkoff-journal-colorful.pptx,7,hint,Arial,latin,other,master,400,False,[14.0],0,0,"[""slide:175""]"
036-tinkoff-journal-colorful.pptx,9,used,Jost Medium,latin,other,slide,400,False,"[10.0, 16.0, 70.0]",86,5,"[""slide:189"", ""slide:190"", ""slide:191"", ""slide:192""]"
036-tinkoff-journal-colorful.pptx,10,used,Jost Medium,latin,other,slide,400,False,"[10.0, 12.0, 39.0, 43.0]",216,13,"[""slide:198"", ""slide:200"", ""slide:201"", ""slide:202"", ""slide:203"", ""slide:204"", ""slide:205"", ""slide:206"", ""slide:207""]"
036-tinkoff-journal-colorful.pptx,10,hint,Arial,latin,other,master,400,False,[14.0],0,0,"[""slide:201"", ""slide:203"", ""slide:205""]"
036-tinkoff-journal-colorful.pptx,11,used,Jost Medium,latin,other,slide,400,False,"[10.0, 43.0]",39,4,"[""slide:213"", ""slide:214"", ""slide:215""]"
036-tinkoff-journal-colorful.pptx,12,used,Arial,latin,other,master,400,False,[20.0],154,7,"[""slide:225""]"
036-tinkoff-journal-colorful.pptx,12,used,Arial,latin,other,master,700,False,[40.0],17,1,"[""slide:224""]"
036-tinkoff-journal-colorful.pptx,12,hint,Arial,latin,other,master,400,False,[14.0],0,0,"[""slide:223""]"
